product_id,product_name,brand_name,product_category,target_skin_type,primary_skin_concern,secondary_concerns,target_age_group,key_ingredients,fragrance_free,non_comedogenic,price_inr,rating,availability,official_product_url,image_url_1,image_url_2,image_url_3,image_url_4,image_url_5
IN-SKIN-0001,Himalaya Purifying Neem Face Wash,Himalaya,Face Wash / Cleanser,"Oily, Acne-Prone",Active Acne & Pimples,"Bacterial Breakouts, Excess Oil","Teens (13-19), Adults (20-35)","Neem, Turmeric",Yes,Yes,180,4.5,In Stock,https://himalayawellness.in/products/purifying-neem-face-wash,https://himalayawellness.in/cdn/shop/products/purifying-neem-face-wash-1.jpg,https://himalayawellness.in/cdn/shop/products/purifying-neem-face-wash-1-back.jpg,,,
IN-SKIN-0002,Himalaya Neem Face Pack,Himalaya,Face Pack / Mask,"Oily, Acne-Prone",Acne & Clogged Pores,"Excess Sebum, Blemishes",Teens & Adults (13-40),"Neem, Fuller's Earth (Multani Mitti), Turmeric",No,Yes,160,4.4,In Stock,https://himalayawellness.in/products/purifying-neem-pack,https://himalayawellness.in/cdn/shop/products/purifying-neem-pack-1.jpg,https://himalayawellness.in/cdn/shop/products/purifying-neem-pack-1-back.jpg,,,
IN-SKIN-0003,Himalaya Purifying Neem Scrub,Himalaya,Face Scrub / Exfoliant,"Oily, Combination",Blackheads & Dead Skin,"Rough Skin Texture, Pores",Teens & Adults (15-40),"Neem, Apricot Granules",No,No,150,4.3,In Stock,https://himalayawellness.in/products/purifying-neem-scrub,https://himalayawellness.in/cdn/shop/products/purifying-neem-scrub-1.jpg,https://himalayawellness.in/cdn/shop/products/purifying-neem-scrub-1-back.jpg,,,
IN-SKIN-0004,Himalaya Clear Complexion Whitening Day Cream,Himalaya,Day Cream Moisturizer,All Skin Types,Facial Marks & Dullness,"Uneven Tone, UV Protection",Adults (20-45),"Licorice, White Dammer",No,Yes,260,4.2,In Stock,https://himalayawellness.in/products/clear-complexion-day-cream,https://himalayawellness.in/cdn/shop/products/clear-complexion-day-cream-1.jpg,https://himalayawellness.in/cdn/shop/products/clear-complexion-day-cream-1-back.jpg,,,
IN-SKIN-0005,Himalaya Nourishing Skin Cream,Himalaya,Moisturizer / Cream,Dry to Normal,Dryness & Flakiness,"Roughness, Loss of Moisture",All Ages (10-60+),"Aloe Vera, Winter Cherry (Ashwagandha)",No,Yes,140,4.5,In Stock,https://himalayawellness.in/products/nourishing-skin-cream,https://himalayawellness.in/cdn/shop/products/nourishing-skin-cream-1.jpg,https://himalayawellness.in/cdn/shop/products/nourishing-skin-cream-1-back.jpg,,,
IN-SKIN-0006,Himalaya Anti-Acne Dawa Spot Treatment Gel,Himalaya,Spot Treatment,"Oily, Acne-Prone",Severe Acne & Red Bumps,"Inflammatory Lesions, Swelling","Teens (13-19), Adults (20-30)","Silk Cotton Tree, Five-Leaved Chaste Tree, Alum",Yes,Yes,110,4.1,In Stock,https://himalayawellness.in/products/acne-n-pimple-cream,https://himalayawellness.in/cdn/shop/products/acne-n-pimple-cream-1.jpg,https://himalayawellness.in/cdn/shop/products/acne-n-pimple-cream-1-back.jpg,,,
IN-SKIN-0007,Himalaya Dark Spot Clearing Turmeric Face Wash,Himalaya,Face Wash / Cleanser,All Skin Types,Dark Spots & Facial Marks,"Post-Acne PIH, Skin Dullness",Adults (18-45),"Organically Sourced Turmeric, Licorice, Niacinamide",Yes,Yes,220,4.4,In Stock,https://himalayawellness.in/products/dark-spot-clearing-turmeric-face-wash,https://himalayawellness.in/cdn/shop/products/dark-spot-turmeric-facewash-1.jpg,https://himalayawellness.in/cdn/shop/products/dark-spot-turmeric-facewash-1-back.jpg,,,
IN-SKIN-0008,Himalaya Dark Spot Clearing Turmeric Face Serum,Himalaya,Face Serum,"All Skin Types, Dull Skin",Facial Marks & Hyperpigmentation,"Uneven Complexion, Dark Patches",Adults (20-50),"Cold Pressed Turmeric Oil, 2% Niacinamide, Glycolic Acid",Yes,Yes,399,4.3,In Stock,https://himalayawellness.in/products/dark-spot-clearing-turmeric-face-serum,https://himalayawellness.in/cdn/shop/products/dark-spot-turmeric-serum-1.jpg,https://himalayawellness.in/cdn/shop/products/dark-spot-turmeric-serum-1-back.jpg,,,
IN-SKIN-0009,Himalaya Aloe Vera Face Gel,Himalaya,Hydrating Gel,"All Skin Types, Sensitive","Sunburn, Irritation & Dehydration","Redness, Itching, Barrier Stress",All Ages (10-60+),Natural Aloe Vera Extract,Yes,Yes,105,4.6,In Stock,https://himalayawellness.in/products/moisturizing-aloe-vera-face-gel,https://himalayawellness.in/cdn/shop/products/aloe-vera-face-gel-1.jpg,https://himalayawellness.in/cdn/shop/products/aloe-vera-face-gel-1-back.jpg,,,
IN-SKIN-0010,Himalaya Oil Clear Lemon Face Wash,Himalaya,Face Wash / Cleanser,Oily to Combination,Excess Grease & Shiny T-Zone,"Sticky Residue, Enlarged Pores",Teens & Adults (13-35),"Lemon Extract, Honey",No,Yes,165,4.3,In Stock,https://himalayawellness.in/products/oil-clear-lemon-face-wash,https://himalayawellness.in/cdn/shop/products/oil-clear-lemon-facewash-1.jpg,https://himalayawellness.in/cdn/shop/products/oil-clear-lemon-facewash-1-back.jpg,,,
IN-SKIN-0011,Himalaya Tan Removal Orange Face Wash,Himalaya,Face Wash / Cleanser,All Skin Types,Sun Tan & Skin Dullness,"Environmental Pollution, Dead Skin",Teens to Adults (15-45),"Orange Peel Extract, Papain",No,Yes,175,4.2,In Stock,https://himalayawellness.in/products/tan-removal-orange-face-wash,https://himalayawellness.in/cdn/shop/products/tan-removal-orange-facewash-1.jpg,https://himalayawellness.in/cdn/shop/products/tan-removal-orange-facewash-1-back.jpg,,,
IN-SKIN-0012,Himalaya Youth Eternity Under Eye Cream,Himalaya,Eye Cream,"All Skin Types, Mature",Dark Circles & Fine Lines,"Puffy Eyes, Crow's Feet",Adults & Mature (25-60+),"Edelweiss Plant Stem Cells, Woodfordia",Yes,Yes,525,4.1,In Stock,https://himalayawellness.in/products/youth-eternity-under-eye-cream,https://himalayawellness.in/cdn/shop/products/youth-eternity-undereye-1.jpg,https://himalayawellness.in/cdn/shop/products/youth-eternity-undereye-1-back.jpg,,,
IN-SKIN-0013,Himalaya Anti-Wrinkle Cream,Himalaya,Anti-Aging Cream,"Dry, Normal, Mature",Wrinkles & Skin Sagging,"Loss of Elasticity, Age Spots",Mature Adults (30-65+),"Aloe Vera, Grapes, Red Poppy",No,Yes,290,4.2,In Stock,https://himalayawellness.in/products/anti-wrinkle-cream,https://himalayawellness.in/cdn/shop/products/anti-wrinkle-cream-1.jpg,https://himalayawellness.in/cdn/shop/products/anti-wrinkle-cream-1-back.jpg,,,
IN-SKIN-0014,Himalaya Herbals Gentle Exfoliating Walnut Scrub,Himalaya,Face Scrub,Normal to Dry,Flaky Dead Skin & Dullness,"Rough Patches, Clogged Follicles",Adults (18-45),"Walnut Shell Granules, Apple Extract",No,No,155,4.2,In Stock,https://himalayawellness.in/products/gentle-exfoliating-walnut-scrub,https://himalayawellness.in/cdn/shop/products/walnut-scrub-1.jpg,https://himalayawellness.in/cdn/shop/products/walnut-scrub-1-back.jpg,,,
IN-SKIN-0015,Himalaya Saffron Face Wash,Himalaya,Face Wash / Cleanser,"Normal, Dry, Dull",Lack of Radiance & Pigment,"Dull Complexion, Fatigue Skin",Adults (18-50),"Kesar (Saffron), Cucumber, Mint",No,Yes,195,4.4,In Stock,https://himalayawellness.in/products/kesar-face-wash,https://himalayawellness.in/cdn/shop/products/kesar-facewash-1.jpg,https://himalayawellness.in/cdn/shop/products/kesar-facewash-1-back.jpg,,,
IN-SKIN-0016,Patanjali Saundarya Aloe Vera Gel,Patanjali,Hydrating Gel,"All Skin Types, Sensitive",Acne Marks & Dryness,"Sun Damage, Skin Sensitivity",All Ages (10-60+),"Aloe Vera, Vitamin E",Yes,Yes,90,4.6,In Stock,https://www.patanjaliayurved.net/product/natural-personal-care/skin-care/saundarya-aloe-vera-gel/600,https://www.patanjaliayurved.net/assets/product_images/400_500/saundarya_aloevera_gel.png,,,,
IN-SKIN-0017,Patanjali Saundarya Aloe Vera Gel Kesar Chandan,Patanjali,Hydrating Gel,All Skin Types,Blemishes & Dark Spots,"Uneven Skin Tone, Sunburn",All Ages (15-55),"Aloe Vera, Saffron (Kesar), Sandalwood (Chandan)",No,Yes,110,4.5,In Stock,https://www.patanjaliayurved.net/product/natural-personal-care/skin-care/saundarya-aloe-vera-gel-kesar-chandan/601,https://www.patanjaliayurved.net/assets/product_images/400_500/kesar_chandan_aloe.png,,,,
IN-SKIN-0018,Patanjali Saundarya Neem Tulsi Face Wash,Patanjali,Face Wash / Cleanser,"Oily, Acne-Prone",Pimples & Excess Sebum,"Clogged Pores, Skin Infections","Teens (13-19), Adults (20-35)","Neem, Tulsi, Aloe Vera",No,Yes,75,4.3,In Stock,https://www.patanjaliayurved.net/product/natural-personal-care/skin-care/saundarya-neem-tulsi-face-wash/602,https://www.patanjaliayurved.net/assets/product_images/400_500/neem_tulsi_facewash.png,,,,
IN-SKIN-0019,Patanjali Saundarya Anti-Aging Cream,Patanjali,Anti-Aging Cream,"Dry, Mature, Normal",Fine Lines & Wrinkles,"Age Spots, Skin Dullness",Adults & Mature (30-65),"Almond Oil, Wheat Germ Oil, Jojoba Oil, Papaya",No,Yes,300,4.1,In Stock,https://www.patanjaliayurved.net/product/natural-personal-care/skin-care/saundarya-anti-aging-cream/603,https://www.patanjaliayurved.net/assets/product_images/400_500/anti_aging_cream.png,,,,
IN-SKIN-0020,Patanjali Saundarya Kesar Chandan Face Wash,Patanjali,Face Wash / Cleanser,"Normal, Dry, Sensitive",Dullness & Skin Fatigue,"Pigmentation, Dryness",Adults (18-50),"Saffron, Sandalwood, Aloe Vera",No,Yes,90,4.3,In Stock,https://www.patanjaliayurved.net/product/natural-personal-care/skin-care/saundarya-kesar-chandan-face-wash/604,https://www.patanjaliayurved.net/assets/product_images/400_500/kesar_chandan_facewash.png,,,,
IN-SKIN-0021,Patanjali Divya Gulab Jal (Pure Rose Water),Patanjali,Facial Toner / Mist,"All Skin Types, Sensitive",Enlarged Pores & Irritation,"Redness, Dehydration, Heat Rash",All Ages (10-60+),Hydro-distilled Fresh Indian Rose Water,Yes,Yes,40,4.7,In Stock,https://www.patanjaliayurved.net/product/natural-personal-care/skin-care/divya-gulab-jal/605,https://www.patanjaliayurved.net/assets/product_images/400_500/gulab_jal.png,,,,
IN-SKIN-0022,Patanjali Saundarya Swarna Kanti Fairness Cream,Patanjali,Face Cream,All Skin Types,Facial Marks & Blemishes,"Uneven Skin Tone, Lack of Glow",Adults (20-45),"Saffron, Wheat Germ Oil, Jojoba Oil, Mulethi",No,Yes,399,4.0,In Stock,https://www.patanjaliayurved.net/product/natural-personal-care/skin-care/swarna-kanti/606,https://www.patanjaliayurved.net/assets/product_images/400_500/swarna_kanti.png,,,,
IN-SKIN-0023,Patanjali Saundarya Multani Mitti Face Scrub,Patanjali,Face Scrub,"Oily, Combination","Blackheads, Dead Skin & Excess Oil","Clogged Follicles, Greasiness",Teens & Adults (15-35),"Multani Mitti, Neem, Mint, Lemon",No,No,80,4.2,In Stock,https://www.patanjaliayurved.net/product/natural-personal-care/skin-care/multani-mitti-scrub/607,https://www.patanjaliayurved.net/assets/product_images/400_500/multani_scrub.png,,,,
IN-SKIN-0024,Patanjali Saundarya Coconut Cream,Patanjali,Moisturizer / Cream,"Dry, Very Dry",Severe Flakiness & Cracking,Dehydrated Winter Skin,Adults & Seniors (20-65+),"Coconut Oil, Shea Butter, Olive Oil",No,No,95,4.4,In Stock,https://www.patanjaliayurved.net/product/natural-personal-care/skin-care/coconut-cream/608,https://www.patanjaliayurved.net/assets/product_images/400_500/coconut_cream.png,,,,
IN-SKIN-0025,Patanjali Tejus Sunscreen Cream SPF 30,Patanjali,Sunscreen Cream,"Normal, Dry",Sun Tan & UV Burn,"Premature Photoaging, Darkening",All Ages (15-55),"Aloe Vera, Wheat Germ, Methi, Cucumber",No,Yes,110,4.0,In Stock,https://www.patanjaliayurved.net/product/natural-personal-care/skin-care/sun-screen-cream/609,https://www.patanjaliayurved.net/assets/product_images/400_500/sunscreen_cream.png,,,,
IN-SKIN-0026,Patanjali Divya Kanti Lep Face Pack,Patanjali,Ayurvedic Face Pack,"Oily, Acne-Prone",Cystic Acne & Severe Blemishes,"Facial Marks, Post-Acne Pigmentation",Teens & Adults (15-40),"Chandan, Haldi, Manjistha, Jaiphal",Yes,Yes,85,4.3,In Stock,https://www.patanjaliayurved.net/product/natural-personal-care/skin-care/kanti-lep/610,https://www.patanjaliayurved.net/assets/product_images/400_500/kanti_lep.png,,,,
IN-SKIN-0027,Patanjali Neem Face Wash,Patanjali,Face Wash / Cleanser,Oily Skin,Greasy T-Zone & Breakouts,"Pollution Dirt, Surface Bacteria","Teens (13-19), Adults (20-30)","Neem Extract, Aloe Vera",No,Yes,60,4.2,In Stock,https://www.patanjaliayurved.net/product/natural-personal-care/skin-care/neem-face-wash/611,https://www.patanjaliayurved.net/assets/product_images/400_500/neem_facewash.png,,,,
IN-SKIN-0028,Mamaearth Tea Tree Face Wash with Neem & Salicylic Acid,Mamaearth,Face Wash / Cleanser,"Oily, Acne-Prone",Acne Breakouts & Excessive Oil,"Clogged Pores, Redness","Teens (13-19), Young Adults (20-30)","Tea Tree Oil, Neem Extract, Salicylic Acid",Yes,Yes,259,4.5,In Stock,https://mamaearth.in/product/tea-tree-face-wash-100ml,https://images.mamaearth.in/catalog/product/t/e/tea-tree-face-wash-1.jpg,https://images.mamaearth.in/catalog/product/t/e/tea-tree-face-wash-1-back.jpg,,,
IN-SKIN-0029,Mamaearth Ubtan Face Wash with Turmeric & Saffron,Mamaearth,Face Wash / Cleanser,All Skin Types,Sun Tan & Facial Marks,"Uneven Complexion, Dead Skin",Teens & Adults (15-50),"Turmeric, Saffron, Walnut Beads",No,Yes,259,4.6,In Stock,https://mamaearth.in/product/ubtan-face-wash-with-turmeric-saffron-for-tan-removal-100ml,https://images.mamaearth.in/catalog/product/u/b/ubtan-face-wash-1.jpg,https://images.mamaearth.in/catalog/product/u/b/ubtan-face-wash-1-back.jpg,,,
IN-SKIN-0030,Mamaearth Bye Bye Blemishes Face Cream,Mamaearth,Blemish Cream,"Combination, Oily, Normal",Facial Marks & Melasma,"Acne Scars, Hyperpigmentation",Adults (18-45),"Mulberry Extract, Vitamin C, Daisy Flower",Yes,Yes,499,4.3,In Stock,https://mamaearth.in/product/bye-bye-blemishes-face-cream,https://images.mamaearth.in/catalog/product/b/y/bye-bye-blemishes-cream.jpg,https://images.mamaearth.in/catalog/product/b/y/bye-bye-blemishes-cream-back.jpg,,,
IN-SKIN-0031,Mamaearth Vitamin C Face Serum with 10% Vitamin C & 5% Gotu Kola,Mamaearth,Face Serum,All Skin Types,Facial Marks & Dull Skin,"Dark Spots, Collagen Degradation",Adults (20-45),"10% Vitamin C, Gotu Kola, Niacinamide",Yes,Yes,599,4.5,In Stock,https://mamaearth.in/product/vitamin-c-face-serum,https://images.mamaearth.in/catalog/product/v/i/vitamin-c-serum.jpg,https://images.mamaearth.in/catalog/product/v/i/vitamin-c-serum-back.jpg,,,
IN-SKIN-0032,Mamaearth Ultra Light Indian Sunscreen SPF 50,Mamaearth,Sunscreen,"Oily, Combination, Normal",Sun Tan & UV Damage,"Photo-aging, Sun Burn",All Ages (15-60),"Carrot Seed Oil, Turmeric, Orange Oil",Yes,Yes,499,4.4,In Stock,https://mamaearth.in/product/ultra-light-indian-sunscreen-80ml,https://images.mamaearth.in/catalog/product/u/l/ultra-light-sunscreen.jpg,https://images.mamaearth.in/catalog/product/u/l/ultra-light-sunscreen-back.jpg,,,
IN-SKIN-0033,Mamaearth Rice Face Wash with Rice Water & Niacinamide,Mamaearth,Face Wash / Cleanser,"All Skin Types, Dull Skin",Uneven Skin Tone & Marks,"Glass Skin Glow, Rough Texture",Adults (18-40),"Fermented Rice Water, Niacinamide, Glycerin",Yes,Yes,259,4.5,In Stock,https://mamaearth.in/product/rice-face-wash,https://images.mamaearth.in/catalog/product/r/i/rice-face-wash.jpg,https://images.mamaearth.in/catalog/product/r/i/rice-face-wash-back.jpg,,,
IN-SKIN-0034,Mamaearth Oil-Free Face Moisturizer with Apple Cider Vinegar,Mamaearth,Moisturizer,"Oily, Acne-Prone",Active Acne & Greasy Skin,"Shine, Pores Clogging",Teens & Adults (13-35),"Apple Cider Vinegar, Betaine, Cetearyl Octanoate",Yes,Yes,319,4.4,In Stock,https://mamaearth.in/product/oil-free-face-moisturizer-80ml,https://images.mamaearth.in/catalog/product/o/i/oil-free-moisturizer.jpg,https://images.mamaearth.in/catalog/product/o/i/oil-free-moisturizer-back.jpg,,,
IN-SKIN-0035,Mamaearth Ubtan Face Mask with Saffron & Turmeric,Mamaearth,Face Mask,All Skin Types,Severe Tan & Dark Spots,"Dullness, Environmental Stress",Teens & Adults (15-50),"Saffron, Turmeric, Apricot Oil",No,Yes,499,4.5,In Stock,https://mamaearth.in/product/ubtan-face-mask-100g,https://images.mamaearth.in/catalog/product/u/b/ubtan-face-mask.jpg,https://images.mamaearth.in/catalog/product/u/b/ubtan-face-mask-back.jpg,,,
IN-SKIN-0036,Mamaearth Bye Bye Dark Circles Eye Cream,Mamaearth,Under Eye Cream,All Skin Types,Dark Circles & Puffiness,"Under-Eye Pigment, Late Night Fatigue",Adults (18-50),"Cucumber Extract, Peptides, Daisy Flower",Yes,Yes,399,4.3,In Stock,https://mamaearth.in/product/bye-bye-dark-circles-eye-cream,https://images.mamaearth.in/catalog/product/d/a/dark-circles-cream.jpg,https://images.mamaearth.in/catalog/product/d/a/dark-circles-cream-back.jpg,,,
IN-SKIN-0037,Mamaearth Tea Tree Spot Gel Face Cream,Mamaearth,Spot Gel,"Oily, Acne-Prone",Active Pimple Bumps & Redness,"Localized Breakouts, Inflammation","Teens (13-19), Adults (20-30)","Tea Tree Oil, Salicylic Acid",Yes,Yes,299,4.2,In Stock,https://mamaearth.in/product/tea-tree-spot-gel-15g,https://images.mamaearth.in/catalog/product/t/e/tea-tree-spot-gel.jpg,https://images.mamaearth.in/catalog/product/t/e/tea-tree-spot-gel-back.jpg,,,
IN-SKIN-0038,Mamaearth Vitamin C Daily Glow Face Cream,Mamaearth,Daily Cream,"Normal, Combination",Facial Marks & Dullness,"Tired Skin, Uneven Complexion",Adults (18-45),"Vitamin C, Turmeric",No,Yes,249,4.4,In Stock,https://mamaearth.in/product/vitamin-c-daily-glow-face-cream,https://images.mamaearth.in/catalog/product/v/i/vitamin-c-glow-cream.jpg,https://images.mamaearth.in/catalog/product/v/i/vitamin-c-glow-cream-back.jpg,,,
IN-SKIN-0039,Mamaearth Retinol Night Cream with Retinol & Bakuchi,Mamaearth,Night Cream,"Mature, Normal, Dry",Wrinkles & Loss of Firmness,"Fine Lines, Uneven Texture",Adults & Mature (30-65),"Encapsulated Retinol, Bakuchi (Bakuchiol)",Yes,Yes,699,4.3,In Stock,https://mamaearth.in/product/retinol-night-cream-50g,https://images.mamaearth.in/catalog/product/r/e/retinol-night-cream.jpg,https://images.mamaearth.in/catalog/product/r/e/retinol-night-cream-back.jpg,,,
IN-SKIN-0040,Mamaearth Niacin Face Toner with Niacinamide & Witch Hazel,Mamaearth,Facial Toner,"Oily, Combination",Enlarged Open Pores & Marks,"Excess Sebum, Texture",Teens & Adults (15-40),"Niacinamide, Witch Hazel, Aloe Vera",Yes,Yes,399,4.4,In Stock,https://mamaearth.in/product/niacin-face-toner,https://images.mamaearth.in/catalog/product/n/i/niacin-toner.jpg,https://images.mamaearth.in/catalog/product/n/i/niacin-toner-back.jpg,,,
IN-SKIN-0041,Mamaearth Charcoal Face Wash with Activated Charcoal & Coffee,Mamaearth,Face Wash / Cleanser,"Oily, Polluted Skin",Deep Pore Dirt & Blackheads,"Urban Pollution, Excess Oil",Teens & Adults (15-45),"Activated Charcoal, Coffee, Clay",Yes,Yes,259,4.5,In Stock,https://mamaearth.in/product/charcoal-face-wash-100ml,https://images.mamaearth.in/catalog/product/c/h/charcoal-face-wash.jpg,https://images.mamaearth.in/catalog/product/c/h/charcoal-face-wash-back.jpg,,,
IN-SKIN-0042,Mamaearth Aloe Vera Gel with Pure Aloe & Ashwagandha,Mamaearth,Hydrating Gel,"Sensitive, All Skin Types","Skin Irritation, Sunburn & Redness","Dehydrated Skin, Razor Bumps",All Ages (10-60+),"Pure Aloe Vera, Ashwagandha",Yes,Yes,319,4.6,In Stock,https://mamaearth.in/product/aloe-vera-gel-300ml,https://images.mamaearth.in/catalog/product/a/l/aloe-vera-gel.jpg,https://images.mamaearth.in/catalog/product/a/l/aloe-vera-gel-back.jpg,,,
IN-SKIN-0043,Minimalist Salicylic Acid 2% Face Serum,Minimalist,Face Serum,"Oily, Combination, Acne-Prone",Active Acne & Blackheads,"Excess Sebum, Enlarged Pores, Whiteheads","Teens (13-19), Young Adults (20-35)","2% Salicylic Acid (BHA), Oligopeptide-10, EGCG",Yes,Yes,549,4.6,In Stock,https://beminimalist.co/products/salicylic-acid-2,https://beminimalist.co/cdn/shop/products/SalicylicAcid2_1.jpg,https://beminimalist.co/cdn/shop/products/SalicylicAcid2_2-back.jpg,,,
IN-SKIN-0044,Minimalist Niacinamide 10% + Zinc Serum,Minimalist,Face Serum,"All Skin Types, Oily, Sensitive",Facial Marks & Acne Scars,"Uneven Texture, Oiliness, Blemishes",All Ages (16-50+),"10% Niacinamide (Vitamin B3), 1% Zinc PCA, Matmarine",Yes,Yes,599,4.7,In Stock,https://beminimalist.co/products/niacinamide-10-with-matmarine,https://beminimalist.co/cdn/shop/products/Niacinamide10_1.jpg,https://beminimalist.co/cdn/shop/products/Niacinamide10_2-back.jpg,,,
IN-SKIN-0045,Minimalist Tranexamic 3% + HPA Face Serum,Minimalist,Face Serum,All Skin Types,Stubborn Melasma & Facial Marks,"PIH (Post-Inflammatory Hyperpigmentation), UV Damage",Adults (22-55),"3% Tranexamic Acid, 1% Hydroxyphenoxy Propionic Acid, Mandelic Acid",Yes,Yes,649,4.6,In Stock,https://beminimalist.co/products/tranexamic-3-hpa,https://beminimalist.co/cdn/shop/products/Tranexamic3_1.jpg,https://beminimalist.co/cdn/shop/products/Tranexamic3_2-back.jpg,,,
IN-SKIN-0046,Minimalist Alpha Arbutin 2% + Hyaluronic Acid Serum,Minimalist,Face Serum,"All Skin Types, Dull Skin",Dark Spots & Uneven Complexion,"Sun Spots, Melanin Overproduction",Adults (18-50),"2% Alpha Arbutin, 1% Hyaluronic Acid",Yes,Yes,549,4.6,In Stock,https://beminimalist.co/products/alpha-arbutin-2,https://beminimalist.co/cdn/shop/products/AlphaArbutin2_1.jpg,https://beminimalist.co/cdn/shop/products/AlphaArbutin2_2-back.jpg,,,
IN-SKIN-0047,Minimalist Retinol 0.3% + CoQ10 Face Serum,Minimalist,Face Serum,All Skin Types (Except Reactive),"Fine Lines, Wrinkles & Anti-Aging","Loss of Firmness, Uneven Texture, Late Adult Acne",Adults & Mature (25-60+),"0.3% Pure Retinol, Coenzyme Q10, Squalane",Yes,Yes,699,4.5,In Stock,https://beminimalist.co/products/retinol-0-3-coq10,https://beminimalist.co/cdn/shop/products/Retinol03_1.jpg,https://beminimalist.co/cdn/shop/products/Retinol03_2-back.jpg,,,
IN-SKIN-0048,Minimalist 10% Vitamin C Face Serum,Minimalist,Face Serum,All Skin Types,"Facial Marks, Dullness & Glow Loss","Environmental Oxidative Stress, Dark Marks",Adults (18-50),"10% Ethyl Ascorbic Acid, 1% Acetyl Glucosamine, Centella",Yes,Yes,699,4.6,In Stock,https://beminimalist.co/products/vitamin-c-10,https://beminimalist.co/cdn/shop/products/VitaminC10_1.jpg,https://beminimalist.co/cdn/shop/products/VitaminC10_2-back.jpg,,,
IN-SKIN-0049,Minimalist Sunscreen SPF 50 PA++++ Multi-Vitamin,Minimalist,Sunscreen,"All Skin Types, Sensitive",UV Radiation & Sun Tan,"Photoaging, Sun Induced Dark Spots",All Ages (12-65+),"Octocrylene, Avobenzone, Vitamin B3, Vitamin B5, Vitamin F",Yes,Yes,399,4.7,In Stock,https://beminimalist.co/products/sunscreen-spf-50,https://beminimalist.co/cdn/shop/products/Sunscreen50_1.jpg,https://beminimalist.co/cdn/shop/products/Sunscreen50_2-back.jpg,,,
IN-SKIN-0050,Minimalist PHA 3% + Biotic Face Toner,Minimalist,Facial Toner,"Sensitive, Combination, Normal",Enlarged Pores & Mild Texture,"Microbiome Disruption, Mild Congestion",All Ages (16-50),"3% Gluconolactone (PHA), Prebiotics, Probiotics",Yes,Yes,399,4.5,In Stock,https://beminimalist.co/products/pha-3-toner,https://beminimalist.co/cdn/shop/products/PHAToner_1.jpg,https://beminimalist.co/cdn/shop/products/PHAToner_2-back.jpg,,,
IN-SKIN-0051,Minimalist Oat Extract 6% Gentle Cleanser,Minimalist,Face Wash / Cleanser,"Dry, Sensitive, Compromised Barrier",Skin Redness & Barrier Breakdown,"Tightness, Stinging, Dry Flakes",All Ages (12-65+),"6% Oat Extract, Colloidal Oat, Sodium Cocoyl Glycinate",Yes,Yes,299,4.7,In Stock,https://beminimalist.co/products/oat-cleanser,https://beminimalist.co/cdn/shop/products/OatCleanser_1.jpg,https://beminimalist.co/cdn/shop/products/OatCleanser_2-back.jpg,,,
IN-SKIN-0052,Minimalist Sepicalm 3% + Oat Moisturizer,Minimalist,Moisturizer,"Oily, Combination, Sensitive",Irritation & Excessive Oily Shine,"Redness, Weak Skin Barrier",Teens & Adults (15-45),"3% Sepicalm, Oat Extract, Polyglutamic Acid, Shea Butter",Yes,Yes,349,4.6,In Stock,https://beminimalist.co/products/sepicalm-3-oat-moisturizer,https://beminimalist.co/cdn/shop/products/SepicalmMoisturizer_1.jpg,https://beminimalist.co/cdn/shop/products/SepicalmMoisturizer_2-back.jpg,,,
IN-SKIN-0053,Minimalist Marula Oil 5% Rich Moisturizer,Minimalist,Moisturizer,"Dry, Very Dry",Extreme Dryness & Tight Skin,"Flaky Skin, Xerosis, Winter Peeling",Adults (20-65+),"5% Marula Oil, Hyaluronic Acid, Vitamin F",Yes,Yes,399,4.5,In Stock,https://beminimalist.co/products/marula-oil-5-moisturizer,https://beminimalist.co/cdn/shop/products/MarulaMoisturizer_1.jpg,https://beminimalist.co/cdn/shop/products/MarulaMoisturizer_2-back.jpg,,,
IN-SKIN-0054,Minimalist AHA 25% + PHA 5% + BHA 2% Peeling Solution,Minimalist,Exfoliant Peel,"Experienced Skincare Users, Non-Sensitive",Stubborn Facial Marks & Rough Texture,"Dull Skin, Congested Pores, Acne Spots",Adults (20-50),"Glycolic Acid, Lactic Acid, Gluconolactone, Salicylic Acid",Yes,Yes,699,4.7,In Stock,https://beminimalist.co/products/aha-pha-bha-32,https://beminimalist.co/cdn/shop/products/PeelingSolution_1.jpg,https://beminimalist.co/cdn/shop/products/PeelingSolution_2-back.jpg,,,
IN-SKIN-0055,Minimalist L-Ascorbic Acid 8% Lip Treatment,Minimalist,Lip Treatment,All Skin Types,Dark Pigmented Lips,"Smoker's Lips, Sun Tan on Lips",Teens & Adults (15-55),"8% L-Ascorbic Acid, Radianskin, Resveratrol",Yes,Yes,399,4.3,In Stock,https://beminimalist.co/products/l-ascorbic-acid-lip-treatment,https://beminimalist.co/cdn/shop/products/LipTreatment_1.jpg,https://beminimalist.co/cdn/shop/products/LipTreatment_2-back.jpg,,,
IN-SKIN-0056,Minimalist Granactive Retinoid 2% Anti-Aging Serum,Minimalist,Face Serum,"Beginners to Retinol, Sensitive",Early Fine Lines & Texture Aging,"Loss of Glow, First Signs of Aging",Young Adults & Adults (23-45),2% Granactive Retinoid (HPR),Yes,Yes,699,4.5,In Stock,https://beminimalist.co/products/granactive-retinoid-2,https://beminimalist.co/cdn/shop/products/GranactiveRetinoid_1.jpg,https://beminimalist.co/cdn/shop/products/GranactiveRetinoid_2-back.jpg,,,
IN-SKIN-0057,Minimalist Maleic Bond Repair Complex Hair Serum,Minimalist,Hair Treatment,"Damaged, Bleached Hair",Hair Breakage & Frizz,"Split Ends, Chemical Damage",All Ages (15-55),"Maleic Acid, Transglutaminase, Amino Acids",Yes,Yes,499,4.6,In Stock,https://beminimalist.co/products/maleic-bond-repair-complex-hair-serum,https://beminimalist.co/cdn/shop/products/HairSerum_1.jpg,https://beminimalist.co/cdn/shop/products/HairSerum_2-back.jpg,,,
IN-SKIN-0058,The Derma Co 1% Salicylic Acid Gel Face Wash,The Derma Co,Face Wash / Cleanser,"Oily, Acne-Prone",Active Breakouts & Excess Sebum,"Clogged Pores, Bacterial Acne","Teens (13-19), Young Adults (20-35)","1% Salicylic Acid, Witch Hazel, Willow Bark",Yes,Yes,299,4.5,In Stock,https://thedermaco.com/products/1-salicylic-acid-gel-face-wash-the-dermaco-100ml,https://thedermaco.com/cdn/shop/products/1_Salicylic_Acid_Gel_Face_Wash_1.jpg,https://thedermaco.com/cdn/shop/products/1_Salicylic_Acid_Gel_Face_Wash_2-back.jpg,,,
IN-SKIN-0059,The Derma Co 1% Hyaluronic Sunscreen Aqua Gel SPF 50,The Derma Co,Sunscreen,"All Skin Types, Oily, Acne-Prone",Sun Protection & Photoaging,"Dark Spots Prevention, Greasiness",All Ages (12-65+),"Hyaluronic Acid, Vitamin E, Titanium Dioxide",Yes,Yes,499,4.7,In Stock,https://thedermaco.com/products/1-hyaluronic-sunscreen-aqua-gel,https://thedermaco.com/cdn/shop/products/HyaluronicSunscreen_1.jpg,https://thedermaco.com/cdn/shop/products/HyaluronicSunscreen_2-back.jpg,,,
IN-SKIN-0060,The Derma Co 2% Kojic Acid Face Cream,The Derma Co,Blemish Cream,All Skin Types,Stubborn Dark Spots & Facial Marks,"Post-Inflammatory Hyperpigmentation, Melasma",Adults (18-50),"2% Kojic Acid, 1% Alpha Arbutin, Niacinamide",Yes,Yes,499,4.5,In Stock,https://thedermaco.com/products/2-kojic-acid-face-cream-with-kojic-acid-l-ascorbic-acid-30g,https://thedermaco.com/cdn/shop/products/2_Kojic_Acid_Cream_1.jpg,https://thedermaco.com/cdn/shop/products/2_Kojic_Acid_Cream_2-back.jpg,,,
IN-SKIN-0061,The Derma Co 2% Salicylic Acid Face Serum,The Derma Co,Face Serum,"Oily, Acne-Prone",Cystic Acne & Blackheads,"Excess Sebum, Pore Inflammation","Teens (13-19), Adults (20-35)","2% Salicylic Acid, Witch Hazel, Willow Bark",Yes,Yes,499,4.6,In Stock,https://thedermaco.com/products/2-salicylic-acid-face-serum-for-acne-acne-marks-30ml,https://thedermaco.com/cdn/shop/products/2_Salicylic_Acid_Serum_1.jpg,https://thedermaco.com/cdn/shop/products/2_Salicylic_Acid_Serum_2-back.jpg,,,
IN-SKIN-0062,The Derma Co 10% Niacinamide Face Serum,The Derma Co,Face Serum,"Oily, Combination, Normal","Facial Marks, Scars & Open Pores","Sebum Regulation, Red Blemishes",Teens & Adults (15-45),"10% Niacinamide, Zinc PCA",Yes,Yes,599,4.6,In Stock,https://thedermaco.com/products/10-niacinamide-face-serum-for-acne-marks-30ml,https://thedermaco.com/cdn/shop/products/10_Niacinamide_Serum_1.jpg,https://thedermaco.com/cdn/shop/products/10_Niacinamide_Serum_2-back.jpg,,,
IN-SKIN-0063,The Derma Co 2% Niacinamide Pore Minimizing Primer Sunscreen,The Derma Co,Sunscreen / Primer,"Oily, Combination",Large Open Pores & Grease,"Makeup Breakdown, UV Rays",Adults (18-40),"2% Niacinamide, Seboclear MP",Yes,Yes,549,4.4,In Stock,https://thedermaco.com/products/pore-minimizing-primer-sunscreen,https://thedermaco.com/cdn/shop/products/PorePrimerSunscreen_1.jpg,https://thedermaco.com/cdn/shop/products/PorePrimerSunscreen_2-back.jpg,,,
IN-SKIN-0064,The Derma Co 15% AHA + 1% BHA Peeling Solution,The Derma Co,Chemical Peeling Solution,All Skin Types (Except Reactive),Dull Skin & Rough Facial Texture,"Surface Flakes, Pigmented Spots",Adults (20-45),"10% Glycolic Acid, 5% Lactic Acid, 1% Salicylic Acid",Yes,Yes,599,4.5,In Stock,https://thedermaco.com/products/15-aha-1-bha-beginner-peeling-solution-30ml,https://thedermaco.com/cdn/shop/products/15_AHA_Peeling_1.jpg,https://thedermaco.com/cdn/shop/products/15_AHA_Peeling_2-back.jpg,,,
IN-SKIN-0065,The Derma Co 10% Cica-Glow Daily Face Serum,The Derma Co,Face Serum,"Sensitive, Acne-Prone",Skin Redness & Compromised Barrier,"Post-Acne Erythema, Heat Stress",All Ages (15-45),"Centella Asiatica (Cica), Alpha Arbutin, Kojic Acid",Yes,Yes,649,4.5,In Stock,https://thedermaco.com/products/10-cica-glow-daily-face-serum-30ml,https://thedermaco.com/cdn/shop/products/CicaGlowSerum_1.jpg,https://thedermaco.com/cdn/shop/products/CicaGlowSerum_2-back.jpg,,,
IN-SKIN-0066,The Derma Co Ceramide + HA Intense Moisturizer,The Derma Co,Moisturizer,"Dry, Normal, Sensitive",Dry Flakes & Impaired Skin Barrier,"Itching, Dehydration Lines",All Ages (15-60+),"Ceramides Complex, Hyaluronic Acid",Yes,Yes,349,4.7,In Stock,https://thedermaco.com/products/ceramide-ha-intense-moisturizer-50g,https://thedermaco.com/cdn/shop/products/CeramideHAMoisturizer_1.jpg,https://thedermaco.com/cdn/shop/products/CeramideHAMoisturizer_2-back.jpg,,,
IN-SKIN-0067,The Derma Co 2% Cica-Glow Daily Sunscreen SPF 50,The Derma Co,Sunscreen,"Sensitive, Rosacea, Acne-Prone",Sun Damage & Facial Redness,"Burning Sensation, UV Spots",All Ages (15-55),"2% Cica Extract, Zinc Oxide, Titanium Dioxide",Yes,Yes,549,4.6,In Stock,https://thedermaco.com/products/2-cica-glow-daily-sunscreen,https://thedermaco.com/cdn/shop/products/CicaSunscreen_1.jpg,https://thedermaco.com/cdn/shop/products/CicaSunscreen_2-back.jpg,,,
IN-SKIN-0068,The Derma Co 0.3% Retinol Face Serum,The Derma Co,Face Serum,"Mature, Aging Skin","Fine Lines, Crow's Feet & Wrinkles","Loss of Firmness, Age Spots",Adults (25-60+),"0.3% Retinol, Vitamin C",Yes,Yes,699,4.4,In Stock,https://thedermaco.com/products/0-3-retinol-face-serum,https://thedermaco.com/cdn/shop/products/RetinolSerum_1.jpg,https://thedermaco.com/cdn/shop/products/RetinolSerum_2-back.jpg,,,
IN-SKIN-0069,The Derma Co 1% Kojic Acid Daily Glow Face Wash,The Derma Co,Face Wash / Cleanser,All Skin Types,Facial Marks & Pigmentation,"Dull Skin, Dark Patches",Adults (18-45),"1% Kojic Acid, Alpha Arbutin, Niacinamide",Yes,Yes,299,4.5,In Stock,https://thedermaco.com/products/1-kojic-acid-daily-glow-face-wash,https://thedermaco.com/cdn/shop/products/KojicFaceWash_1.jpg,https://thedermaco.com/cdn/shop/products/KojicFaceWash_2-back.jpg,,,
IN-SKIN-0070,The Derma Co 2% Glutathione Face Serum,The Derma Co,Face Serum,All Skin Types,Stubborn Dark Spots & Melasma,"Oxidative Stress, Uneven Tone",Adults (20-55),"2% Glutathione, 3% Tranexamic Acid",Yes,Yes,799,4.4,In Stock,https://thedermaco.com/products/2-glutathione-face-serum,https://thedermaco.com/cdn/shop/products/GlutathioneSerum_1.jpg,https://thedermaco.com/cdn/shop/products/GlutathioneSerum_2-back.jpg,,,
IN-SKIN-0071,The Derma Co 5% Niacinamide Daily Face Toner,The Derma Co,Facial Toner,"Oily, Combination",Visible Open Pores & Oiliness,"Uneven Texture, Dirt Residue",Teens & Adults (15-40),"5% Niacinamide, Citric Acid",Yes,Yes,399,4.4,In Stock,https://thedermaco.com/products/5-niacinamide-daily-face-toner,https://thedermaco.com/cdn/shop/products/NiacinamideToner_1.jpg,https://thedermaco.com/cdn/shop/products/NiacinamideToner_2-back.jpg,,,
IN-SKIN-0072,The Derma Co 3% AHA + 2% BHA Blemish Control Exfoliating Scrub,The Derma Co,Face Scrub,"Oily, Combination",Blackheads & Whiteheads,"Rough Skin, Dead Cell Buildup",Teens & Adults (16-40),"Lactic Acid, Glycolic Acid, Salicylic Acid, Walnut Granules",No,Yes,349,4.3,In Stock,https://thedermaco.com/products/exfoliating-face-scrub,https://thedermaco.com/cdn/shop/products/BlemishScrub_1.jpg,https://thedermaco.com/cdn/shop/products/BlemishScrub_2-back.jpg,,,
IN-SKIN-0073,Biotique Bio Neem Purifying Face Wash,Biotique,Face Wash / Cleanser,"Oily, Acne-Prone",Pimples & Oily Shine,"Clogged Pores, Bacterial Acne","Teens (13-19), Adults (20-35)","Neem Bark, Ashwagandha, Kulanjan",No,Yes,150,4.3,In Stock,https://www.biotique.com/products/bio-neem-purifying-face-wash,https://www.biotique.com/cdn/shop/products/bio-neem-facewash.jpg,https://www.biotique.com/cdn/shop/products/bio-neem-facewash-back.jpg,,,
IN-SKIN-0074,Biotique Morning Nectar Flawless Skin Lotion,Biotique,Moisturizer / Lotion,"All Skin Types, Normal",Dryness & Lack of Glow,"Dullness, Moisture Loss",All Ages (15-60),"Pure Honey, Wheatgerm, Seaweed",No,Yes,199,4.4,In Stock,https://www.biotique.com/products/morning-nectar-flawless-skin-lotion,https://www.biotique.com/cdn/shop/products/morning-nectar-lotion.jpg,https://www.biotique.com/cdn/shop/products/morning-nectar-lotion-back.jpg,,,
IN-SKIN-0075,Biotique Bio Dandelion Visibly Ageless Serum,Biotique,Face Serum,"Mature, Normal, Dry",Fine Lines & Facial Marks,"Skin Aging, Loss of Radiance",Adults (25-60+),"Pure Dandelion, Nutmeg Oil, Vitamin E",No,Yes,230,4.2,In Stock,https://www.biotique.com/products/bio-dandelion-ageless-serum,https://www.biotique.com/cdn/shop/products/bio-dandelion-serum.jpg,https://www.biotique.com/cdn/shop/products/bio-dandelion-serum-back.jpg,,,
IN-SKIN-0076,Biotique Bio Cucumber Pore Tightening Toner,Biotique,Facial Toner,"Oily, Normal, Combination",Enlarged Open Pores,"Excess Oil, Post-Wash pH Balancing",Teens & Adults (15-45),"Cucumber, Coriander, Nutgalls, Peppermint Oil",No,Yes,175,4.4,In Stock,https://www.biotique.com/products/bio-cucumber-pore-tightening-toner,https://www.biotique.com/cdn/shop/products/bio-cucumber-toner.jpg,https://www.biotique.com/cdn/shop/products/bio-cucumber-toner-back.jpg,,,
IN-SKIN-0077,Biotique Bio Sandalwood Sunscreen Ultra Soothing SPF 50,Biotique,Sunscreen Lotion,"All Skin Types, Sensitive",Sun Tan & Heat Rashes,"UV Burns, Darkening",All Ages (12-60+),"Pure Sandalwood, Saffron, Wheatgerm, Honey",No,Yes,260,4.3,In Stock,https://www.biotique.com/products/bio-sandalwood-sunscreen-spf-50,https://www.biotique.com/cdn/shop/products/bio-sandalwood-sunscreen.jpg,https://www.biotique.com/cdn/shop/products/bio-sandalwood-sunscreen-back.jpg,,,
IN-SKIN-0078,Biotique Bio Papaya Revitalizing Tan-Removal Scrub,Biotique,Face Scrub,All Skin Types,Severe Sun Tan & Dead Skin,"Rough Flakes, Dull Surface",Teens & Adults (15-50),"Papaya Fruit, Banana, Neem Bark, Fenugreek",No,No,140,4.4,In Stock,https://www.biotique.com/products/bio-papaya-revitalizing-tan-removal-scrub,https://www.biotique.com/cdn/shop/products/bio-papaya-scrub.jpg,https://www.biotique.com/cdn/shop/products/bio-papaya-scrub-back.jpg,,,
IN-SKIN-0079,Biotique Bio Fruit Whitening & Depigmentation Face Pack,Biotique,Face Pack,"All Skin Types, Pigmented",Facial Marks & Dark Patches,"Uneven Tone, Blemishes",Adults (18-50),"Juices of Pineapple, Tomato, Lemon, Papaya",No,Yes,199,4.3,In Stock,https://www.biotique.com/products/bio-fruit-face-pack,https://www.biotique.com/cdn/shop/products/bio-fruit-pack.jpg,https://www.biotique.com/cdn/shop/products/bio-fruit-pack-back.jpg,,,
IN-SKIN-0080,Biotique Bio Clove Anti-Blemish Face Pack,Biotique,Anti-Acne Face Pack,"Oily, Acne-Prone",Active Inflamed Pimples,"Excess Oiliness, Red Swelling","Teens (13-19), Adults (20-35)","Pure Clove Oil, Wild Turmeric, Peppermint",No,Yes,199,4.2,In Stock,https://www.biotique.com/products/bio-clove-anti-blemish-face-pack,https://www.biotique.com/cdn/shop/products/bio-clove-pack.jpg,https://www.biotique.com/cdn/shop/products/bio-clove-pack-back.jpg,,,
IN-SKIN-0081,Biotique Bio Seaweed Revitalizing Anti-Fatigue Eye Gel,Biotique,Eye Gel,All Skin Types,Dark Circles & Puffy Eyes,"Eye Strain, Tired Under-Eye Skin",Adults (18-55),"Seaweed Extract, Punarnava, Nutmeg Oil",Yes,Yes,199,4.2,In Stock,https://www.biotique.com/products/bio-seaweed-eye-gel,https://www.biotique.com/cdn/shop/products/bio-seaweed-eye-gel.jpg,https://www.biotique.com/cdn/shop/products/bio-seaweed-eye-gel-back.jpg,,,
IN-SKIN-0082,Biotique Bio Winter Green Anti-Acne Spot Correcting Cream,Biotique,Spot Cream,"Oily, Acne-Prone",Spot Acne & Blemishes,"Red Spots, Pore Infection","Teens (13-19), Adults (20-30)","Wintergreen Oil, Neem, Choti Doodhi",No,Yes,199,4.1,In Stock,https://www.biotique.com/products/bio-winter-green-spot-cream,https://www.biotique.com/cdn/shop/products/wintergreen-cream.jpg,https://www.biotique.com/cdn/shop/products/wintergreen-cream-back.jpg,,,
IN-SKIN-0083,Biotique Bio Saffron Youth Dew Ageless Face Moisturizer,Biotique,Moisturizer / Cream,"Dry, Mature",Wrinkles & Loss of Glow,"Dull Aging Skin, Moisture Loss",Adults (30-65+),"Pure Saffron, Almond, Pistachio Oils, Turmeric",No,Yes,270,4.3,In Stock,https://www.biotique.com/products/saffron-youth-dew-moisturizer,https://www.biotique.com/cdn/shop/products/saffron-youth-dew.jpg,https://www.biotique.com/cdn/shop/products/saffron-youth-dew-back.jpg,,,
IN-SKIN-0084,Biotique Bio Honey Water Clarifying Toner,Biotique,Facial Toner,"Dry, Sensitive, Normal",Dryness & Dull Complexion,"Tightness, Dehydration",All Ages (15-60),"Pure Honey, Aloe Vera, Manjistha, Sandalwood",No,Yes,175,4.3,In Stock,https://www.biotique.com/products/bio-honey-water-clarifying-toner,https://www.biotique.com/cdn/shop/products/honey-water-toner.jpg,https://www.biotique.com/cdn/shop/products/honey-water-toner-back.jpg,,,
IN-SKIN-0085,Biotique Bio Pine Apple Oil Balancing Face Wash,Biotique,Face Wash / Cleanser,Oily to Normal,Excess Sebum & Impurities,"Greasy T-Zone, Pollution Dirt",Teens & Adults (15-40),"Pineapple Extract, Neem, Clove Oil, Euphorbia",No,Yes,130,4.2,In Stock,https://www.biotique.com/products/bio-pineapple-face-wash,https://www.biotique.com/cdn/shop/products/pineapple-facewash.jpg,https://www.biotique.com/cdn/shop/products/pineapple-facewash-back.jpg,,,
IN-SKIN-0086,Biotique Bio Carrot Seed 40+ Sunscreen Lotion,Biotique,Sunscreen Lotion,Normal to Dry,Sun Damage & Premature Wrinkles,"UV Pigmentation, Age Spots",Adults (20-60),"Carrot Seed Oil, Lodhra Bark, Mustard Oil",No,Yes,220,4.2,In Stock,https://www.biotique.com/products/bio-carrot-seed-sunscreen,https://www.biotique.com/cdn/shop/products/carrot-sunscreen.jpg,https://www.biotique.com/cdn/shop/products/carrot-sunscreen-back.jpg,,,
IN-SKIN-0087,Biotique Bio Almond Oil Soothing Face & Eye Makeup Cleanser,Biotique,Cleansing Oil,"All Skin Types, Sensitive",Heavy Makeup & Dirt Removal,Clogged Cosmetics Residue,Adults (18-50),"Almond Oil, Til Oil, Safflower Oil",Yes,Yes,175,4.5,In Stock,https://www.biotique.com/products/bio-almond-oil-makeup-cleanser,https://www.biotique.com/cdn/shop/products/almond-cleanser.jpg,https://www.biotique.com/cdn/shop/products/almond-cleanser-back.jpg,,,
IN-SKIN-0088,Dot & Key Cica + 2% Salicylic Night Gel,Dot & Key,Night Gel Moisturizer,"Oily, Sensitive, Acne-Prone",Acne & Redness / Inflammation,"Post-Acne Scars, Compromised Barrier",Teens & Adults (16-40),"Centella Asiatica (Cica), 2% Salicylic Acid, Green Tea, Tea Tree Oil",Yes,Yes,495,4.6,In Stock,https://dotandkey.com/products/cica-salicylic-night-gel,https://dotandkey.com/cdn/shop/products/CicaNightGel_1.jpg,https://dotandkey.com/cdn/shop/products/CicaNightGel_2-back.jpg,,,
IN-SKIN-0089,Dot & Key 72HR Hydrating Gel Moisturizer with Hyaluronic & Probiotics,Dot & Key,Gel Moisturizer,"Oily, Combination, Dehydrated",Dehydrated Oily Skin & Dullness,"Flakiness with Oiliness, Rough Texture",All Ages (15-50),"Hyaluronic Acid, Japanese Rice Water, Probiotics",Yes,Yes,495,4.7,In Stock,https://dotandkey.com/products/72-hr-hydrating-gel-moisturizer,https://dotandkey.com/cdn/shop/products/72hrGelMoisturizer_1.jpg,https://dotandkey.com/cdn/shop/products/72hrGelMoisturizer_2-back.jpg,,,
IN-SKIN-0090,Dot & Key Vitamin C + E Super Bright Sunscreen SPF 50,Dot & Key,Sunscreen,All Skin Types,Sun Tan & Dark Spots,"UV Damage, Lack of Glow",All Ages (15-55),"Triple Vitamin C, Vitamin E, UV Filters",Yes,Yes,445,4.6,In Stock,https://dotandkey.com/products/vitamin-c-sunscreen-spf-50,https://dotandkey.com/cdn/shop/products/VitCSunscreen_1.jpg,https://dotandkey.com/cdn/shop/products/VitCSunscreen_2-back.jpg,,,
IN-SKIN-0091,Dot & Key Watermelon Cooling Sunscreen SPF 50 PA+++,Dot & Key,Sunscreen,"Oily, Combination, Normal","Sweat, Greasy Skin & UV Damage","Sunburn, Sticky Skin",Teens & Adults (13-45),"Watermelon Extract, Hyaluronic Acid, UV Filters",Yes,Yes,445,4.7,In Stock,https://dotandkey.com/products/watermelon-cooling-sunscreen-spf-50,https://dotandkey.com/cdn/shop/products/WatermelonSunscreen_1.jpg,https://dotandkey.com/cdn/shop/products/WatermelonSunscreen_2-back.jpg,,,
IN-SKIN-0092,Dot & Key Cica Calming Blemish Clearing Face Wash,Dot & Key,Face Wash / Cleanser,"Oily, Acne-Prone, Sensitive",Active Pimples & Clogged Pores,"Skin Redness, Excess Sebum","Teens (13-19), Adults (20-35)","Cica Extract, Salicylic Acid, Green Tea",Yes,Yes,295,4.5,In Stock,https://dotandkey.com/products/cica-calming-face-wash,https://dotandkey.com/cdn/shop/products/CicaFaceWash_1.jpg,https://dotandkey.com/cdn/shop/products/CicaFaceWash_2-back.jpg,,,
IN-SKIN-0093,Dot & Key 10% Vitamin C + E Face Serum for Glowing Skin,Dot & Key,Face Serum,"All Skin Types, Dull Skin",Facial Marks & Dull Complexion,"Hyperpigmentation, Uneven Tone",Adults (18-45),"10% Ethyl Ascorbic Acid, Blood Orange, Vitamin E",Yes,Yes,665,4.5,In Stock,https://dotandkey.com/products/10-vitamin-c-serum,https://dotandkey.com/cdn/shop/products/VitCSerum_1.jpg,https://dotandkey.com/cdn/shop/products/VitCSerum_2-back.jpg,,,
IN-SKIN-0094,Dot & Key Barrier Repair Ceramides & Hyaluronic Hydrating Face Cream,Dot & Key,Face Cream,"Dry, Sensitive, Compromised Barrier",Flaky Skin & Severe Barrier Damage,"Stinging, Redness, Itching",All Ages (15-65+),"5 Essential Ceramides, Hyaluronic Acid, Probiotics",Yes,Yes,395,4.7,In Stock,https://dotandkey.com/products/ceramide-barrier-repair-face-cream,https://dotandkey.com/cdn/shop/products/CeramideCream_1.jpg,https://dotandkey.com/cdn/shop/products/CeramideCream_2-back.jpg,,,
IN-SKIN-0095,Dot & Key Strawberry Dew Tinted Lip Balm SPF 30,Dot & Key,Lip Balm SPF,All Skin Types,Dry Chapped Lips & Lip Tan,"UV Pigmented Lips, Cracking",All Ages (12-50),"Strawberry Extract, Shea Butter, Vitamin C, SPF 30",No,Yes,249,4.6,In Stock,https://dotandkey.com/products/strawberry-dew-tinted-lip-balm-spf-30,https://dotandkey.com/cdn/shop/products/LipBalm_1.jpg,https://dotandkey.com/cdn/shop/products/LipBalm_2-back.jpg,,,
IN-SKIN-0096,Dot & Key Pomegranate 0.9% Retinol Night Cream,Dot & Key,Night Cream,"Mature, Normal, Dry","Fine Lines, Crow's Feet & Sagging","Loss of Elasticity, Aging Spots",Adults & Mature (28-60+),"0.9% Encapsulated Retinol, Pomegranate, Ceramides",Yes,Yes,695,4.4,In Stock,https://dotandkey.com/products/pomegranate-retinol-night-cream,https://dotandkey.com/cdn/shop/products/RetinolNightCream_1.jpg,https://dotandkey.com/cdn/shop/products/RetinolNightCream_2-back.jpg,,,
IN-SKIN-0097,Dot & Key Rice Water Probiotics Hydrating Toner Mist,Dot & Key,Toner Mist,"All Skin Types, Sensitive",Dullness & Dehydration,"Open Pores, Disrupted pH",All Ages (15-50),"Fermented Rice Water, Kombucha, Hyaluronic Acid",Yes,Yes,395,4.5,In Stock,https://dotandkey.com/products/rice-water-probiotics-toner,https://dotandkey.com/cdn/shop/products/RiceToner_1.jpg,https://dotandkey.com/cdn/shop/products/RiceToner_2-back.jpg,,,
IN-SKIN-0098,Dot & Key Charcoal Clay Mask with Salicylic Acid,Dot & Key,Clay Face Mask,"Oily, Combination",Blackheads & Excessive Sebum,"Congested Pores, T-Zone Oil",Teens & Adults (15-40),"Activated Charcoal, French Green Clay, Salicylic Acid",Yes,Yes,495,4.4,In Stock,https://dotandkey.com/products/charcoal-clay-mask,https://dotandkey.com/cdn/shop/products/CharcoalMask_1.jpg,https://dotandkey.com/cdn/shop/products/CharcoalMask_2-back.jpg,,,
IN-SKIN-0099,Dot & Key 10% Niacinamide + Zinc Serum,Dot & Key,Face Serum,"Oily, Sensitive, Acne-Prone",Post-Acne Facial Marks & Red Spots,"Enlarged Pores, Greasiness",Teens & Adults (15-45),"10% Niacinamide, Zinc PCA, Cica",Yes,Yes,595,4.5,In Stock,https://dotandkey.com/products/10-niacinamide-serum,https://dotandkey.com/cdn/shop/products/NiacinamideSerum_1.jpg,https://dotandkey.com/cdn/shop/products/NiacinamideSerum_2-back.jpg,,,
IN-SKIN-0100,Dot & Key Blueberry Plump Lip Sleeping Mask,Dot & Key,Lip Mask,All Skin Types,Severe Lip Peeling & Dark Lip Flakes,Dry Winter Lips,All Ages (13-55),"Blueberry Extract, Shea Butter, Hyaluronic Acid",No,Yes,295,4.7,In Stock,https://dotandkey.com/products/blueberry-lip-sleeping-mask,https://dotandkey.com/cdn/shop/products/LipSleepingMask_1.jpg,https://dotandkey.com/cdn/shop/products/LipSleepingMask_2-back.jpg,,,
IN-SKIN-0101,Dot & Key Watermelon Super Glow Matte Moisturizer,Dot & Key,Matte Moisturizer,"Oily, Combination",Greasy Forehead & Shiny Face,"Sweat, Clogged Pores",Teens & Adults (13-35),"Watermelon Extract, Glycolic Acid, Hyaluronic Acid",Yes,Yes,495,4.5,In Stock,https://dotandkey.com/products/watermelon-matte-moisturizer,https://dotandkey.com/cdn/shop/products/WatermelonMoisturizer_1.jpg,https://dotandkey.com/cdn/shop/products/WatermelonMoisturizer_2-back.jpg,,,
IN-SKIN-0102,Plum 10% Niacinamide Face Serum with Rice Water,Plum Goodness,Face Serum,"Combination, Oily, Normal",Dark Spots & Facial Marks,"Dullness, Uneven Skin Tone",Adults (18-45),"10% Niacinamide, Fermented Rice Water, Squalane",Yes,Yes,790,4.5,In Stock,https://plumgoodness.com/products/niacinamide-serum,https://plumgoodness.com/cdn/shop/products/Plum_Niacinamide_Serum_1.jpg,https://plumgoodness.com/cdn/shop/products/Plum_Niacinamide_Serum_2-back.jpg,,,
IN-SKIN-0103,Plum Green Tea Pore Cleansing Face Wash,Plum Goodness,Face Wash / Cleanser,"Oily, Acne-Prone",Active Acne & Excess Shine,"Clogged Pores, Bacterial Build up","Teens (13-19), Adults (20-35)","Green Tea Extracts, Glycolic Acid, Cellulose Beads",No,Yes,345,4.6,In Stock,https://plumgoodness.com/products/green-tea-pore-cleansing-face-wash,https://plumgoodness.com/cdn/shop/products/GreenTeaFaceWash_1.jpg,https://plumgoodness.com/cdn/shop/products/GreenTeaFaceWash_2-back.jpg,,,
IN-SKIN-0104,Plum Green Tea Alcohol-Free Toner,Plum Goodness,Facial Toner,"Oily, Acne-Prone",Enlarged Open Pores & Greasiness,"Post-Cleanse Tightness, Breakouts",Teens & Adults (15-35),"Green Tea Extract, Glycolic Acid, Glycerin",No,Yes,390,4.6,In Stock,https://plumgoodness.com/products/green-tea-alcohol-free-toner,https://plumgoodness.com/cdn/shop/products/GreenTeaToner_1.jpg,https://plumgoodness.com/cdn/shop/products/GreenTeaToner_2-back.jpg,,,
IN-SKIN-0105,Plum 15% Vitamin C Face Serum with Mandarin,Plum Goodness,Face Serum,"All Skin Types, Dull Skin","Facial Marks, Hyperpigmentation","Dull Complexion, Photo Damage",Adults (20-45),"15% Ethyl Ascorbic Acid, Japanese Mandarin, Rosehip Oil",Yes,Yes,790,4.6,In Stock,https://plumgoodness.com/products/15-vitamin-c-face-serum,https://plumgoodness.com/cdn/shop/products/VitaminCSerum_1.jpg,https://plumgoodness.com/cdn/shop/products/VitaminCSerum_2-back.jpg,,,
IN-SKIN-0106,Plum Green Tea Renewed Clarity Night Gel,Plum Goodness,Night Gel,"Oily, Combination, Acne-Prone",Acne Scars & Night Hydration without Oil,"Sticky Residue, Active Pimple Flare-ups",Teens & Adults (16-40),"Green Tea Extract, Argan Oil, Licorice",No,Yes,575,4.5,In Stock,https://plumgoodness.com/products/green-tea-renewed-clarity-night-gel,https://plumgoodness.com/cdn/shop/products/GreenTeaNightGel_1.jpg,https://plumgoodness.com/cdn/shop/products/GreenTeaNightGel_2-back.jpg,,,
IN-SKIN-0107,Plum 2% Hyaluronic Acid Face Serum with Bulgarian Rose,Plum Goodness,Face Serum,"Dry, Normal, Dehydrated",Skin Dehydration & Dry Patches,"Dullness, Fine Dehydration Lines",All Ages (16-60),"2% Multi-Molecular Hyaluronic Acid, Rose Water",Yes,Yes,650,4.5,In Stock,https://plumgoodness.com/products/2-hyaluronic-acid-face-serum,https://plumgoodness.com/cdn/shop/products/HyaluronicSerum_1.jpg,https://plumgoodness.com/cdn/shop/products/HyaluronicSerum_2-back.jpg,,,
IN-SKIN-0108,Plum Green Tea Clear Face Mask,Plum Goodness,Face Mask,"Oily, Acne-Prone",Clogged Pores & Blackheads,"Excess Sebum, Surface Flakes",Teens & Adults (15-35),"Kaolin Clay, Bentonite Clay, Green Tea",No,Yes,490,4.4,In Stock,https://plumgoodness.com/products/green-tea-clear-face-mask,https://plumgoodness.com/cdn/shop/products/GreenTeaMask_1.jpg,https://plumgoodness.com/cdn/shop/products/GreenTeaMask_2-back.jpg,,,
IN-SKIN-0109,Plum 1% Retinol Face Serum with Bakuchiol,Plum Goodness,Face Serum,"Mature, Aging Skin","Fine Lines, Crow's Feet & Wrinkles","Loss of Elasticity, Uneven Tone",Adults (25-60+),"1% Encapsulated Retinol, Bakuchiol",Yes,Yes,790,4.4,In Stock,https://plumgoodness.com/products/1-retinol-face-serum,https://plumgoodness.com/cdn/shop/products/RetinolSerum_1.jpg,https://plumgoodness.com/cdn/shop/products/RetinolSerum_2-back.jpg,,,
IN-SKIN-0110,Plum Squalane & Ceramide Lightweight Moisturizer,Plum Goodness,Moisturizer,"All Skin Types, Sensitive",Compromised Barrier & Redness,"Dehydration, Stinging from Actives",All Ages (15-60),"Plant-derived Squalane, Ceramide NP, Oat Extract",Yes,Yes,475,4.7,In Stock,https://plumgoodness.com/products/squalane-ceramide-moisturizer,https://plumgoodness.com/cdn/shop/products/SqualaneMoisturizer_1.jpg,https://plumgoodness.com/cdn/shop/products/SqualaneMoisturizer_2-back.jpg,,,
IN-SKIN-0111,Plum 2% Salicylic Acid Face Serum,Plum Goodness,Face Serum,"Oily, Acne-Prone",Stubborn Blackheads & Whiteheads,"Clogged Pores, Sebum Plugs",Teens & Adults (14-35),"2% Salicylic Acid, Chlorophyll, Zinc PCA",Yes,Yes,599,4.5,In Stock,https://plumgoodness.com/products/2-salicylic-acid-face-serum,https://plumgoodness.com/cdn/shop/products/SalicylicSerum_1.jpg,https://plumgoodness.com/cdn/shop/products/SalicylicSerum_2-back.jpg,,,
IN-SKIN-0112,Plum Chamomile & White Tea Sheer Matte Day Cream SPF 50,Plum Goodness,Day Cream SPF,"Normal, Combination",Sun Tan & Sun Burn,"Daily UV Exposure, Premature Aging",Adults (18-50),"Chamomile Extract, White Tea, UV Filters",No,Yes,520,4.3,In Stock,https://plumgoodness.com/products/chamomile-white-tea-day-cream-spf-50,https://plumgoodness.com/cdn/shop/products/DayCreamSPF_1.jpg,https://plumgoodness.com/cdn/shop/products/DayCreamSPF_2-back.jpg,,,
IN-SKIN-0113,Plum Candy Melts Vegan Lip Balm - Red Velvet Love,Plum Goodness,Lip Balm,All Skin Types,Dry Chapped Peeling Lips,Cracked Skin from Weather,All Ages (10-50),"Carrot Seed Oil, Shea Butter, Cocoa Butter",No,Yes,295,4.6,In Stock,https://plumgoodness.com/products/candy-melts-vegan-lip-balm,https://plumgoodness.com/cdn/shop/products/LipBalm_1.jpg,https://plumgoodness.com/cdn/shop/products/LipBalm_2-back.jpg,,,
IN-SKIN-0114,Foxtale The Daily Duet Gentle Cleanser,Foxtale,Face Wash / Cleanser,"All Skin Types, Sensitive",Dryness & Mild Cleansing,"Dirt, Sunscreen & Makeup Removal without Stripping",All Ages (15-60+),"Hyaluronic Acid, Red Algae Extract, Sodium PCA",Yes,Yes,349,4.8,In Stock,https://foxtale.in/products/the-daily-duet-cleanser,https://foxtale.in/cdn/shop/products/DailyDuet_1.jpg,https://foxtale.in/cdn/shop/products/DailyDuet_2-back.jpg,,,
IN-SKIN-0115,Foxtale Cover Up Matte Sunscreen SPF 50 PA++++,Foxtale,Sunscreen,"Oily, Combination, Normal",Sun Tan & Greasy T-Zone,"Sweat, UV Spots, Sun Burn",All Ages (14-60),"Niacinamide, Vitamin E, Micronized Zinc",Yes,Yes,495,4.7,In Stock,https://foxtale.in/products/matte-sunscreen-spf-50,https://foxtale.in/cdn/shop/products/MatteSunscreen_1.jpg,https://foxtale.in/cdn/shop/products/MatteSunscreen_2-back.jpg,,,
IN-SKIN-0116,Foxtale 15% Vitamin C Face Serum with L-Ascorbic Acid,Foxtale,Face Serum,All Skin Types,"Facial Marks, Sun Spots & Dullness","Post-Acne Dark Spots, Melanin",Adults (18-50),"15% L-Ascorbic Acid, 1% Tocopherol",Yes,Yes,595,4.7,In Stock,https://foxtale.in/products/vitamin-c-serum,https://foxtale.in/cdn/shop/products/VitCSerum_1.jpg,https://foxtale.in/cdn/shop/products/VitCSerum_2-back.jpg,,,
IN-SKIN-0117,Foxtale Acne Spot Corrector Gel with Salicylic Acid & Glycolic,Foxtale,Spot Treatment Gel,"Oily, Acne-Prone",Overnight Active Acne Redness,"Painful Red Bumps, Blemishes","Teens (13-19), Adults (20-35)","Salicylic Acid, Glycolic Acid, Azelaic Acid, Niacinamide",Yes,Yes,395,4.5,In Stock,https://foxtale.in/products/acne-spot-corrector-gel,https://foxtale.in/cdn/shop/products/AcneSpotGel_1.jpg,https://foxtale.in/cdn/shop/products/AcneSpotGel_2-back.jpg,,,
IN-SKIN-0118,Foxtale Skin Repair Ceramide Comfort Moisturizer,Foxtale,Moisturizer,"Dry, Sensitive, Compromised",Severe Skin Barrier Damage & Irritation,"Redness, Peeling Skin, Stinging",All Ages (14-65+),"Ceramides Complex, Hyaluronic Acid, Allantoin",Yes,Yes,445,4.8,In Stock,https://foxtale.in/products/ceramide-supercream-moisturizer,https://foxtale.in/cdn/shop/products/CeramideCream_1.jpg,https://foxtale.in/cdn/shop/products/CeramideCream_2-back.jpg,,,
IN-SKIN-0119,Foxtale 0.15% Encapsulated Retinol Night Serum,Foxtale,Face Serum,"Beginners to Anti-Aging, All Skin Types",Early Wrinkles & Fine Lines,"Dullness, Loss of Firmness",Adults (23-55),"0.15% Encapsulated Retinol, Betaine, Kokum Butter",Yes,Yes,595,4.6,In Stock,https://foxtale.in/products/retinol-night-serum,https://foxtale.in/cdn/shop/products/RetinolSerum_1.jpg,https://foxtale.in/cdn/shop/products/RetinolSerum_2-back.jpg,,,
IN-SKIN-0120,Foxtale Overnight Glow Mask with Glycolic & Lactic,Foxtale,Overnight Mask / Peel,All Skin Types (Except Reactive),Dull Tired Skin & Flakes,"Dead Skin Buildup, Congestion",Adults (20-50),"4% Glycolic Acid, 3% Lactic Acid, Chamomile",Yes,Yes,595,4.5,In Stock,https://foxtale.in/products/overnight-glow-mask,https://foxtale.in/cdn/shop/products/GlowMask_1.jpg,https://foxtale.in/cdn/shop/products/GlowMask_2-back.jpg,,,
IN-SKIN-0121,Foxtale Hydrating Serum with Hyaluronic Acid & Aquaporin,Foxtale,Face Serum,"Dehydrated, Dry, All Skin Types",Dehydrated Tight Skin,"Fine Lines from Dryness, Flaky Makeup",All Ages (15-60),"Multi-Molecular Hyaluronic Acid, Aquaporin Boosters",Yes,Yes,545,4.6,In Stock,https://foxtale.in/products/hydrating-serum,https://foxtale.in/cdn/shop/products/HydratingSerum_1.jpg,https://foxtale.in/cdn/shop/products/HydratingSerum_2-back.jpg,,,
IN-SKIN-0122,Foxtale Keep Calm Daily Hydrating Face Mist Toner,Foxtale,Toner Mist,"Sensitive, Dry, All Skin Types",Post-Wash Tightness & Redness,"Heat Flush, Dehydration",All Ages (12-60),"Centella Asicaria, Cucumber Extract, Panthenol",Yes,Yes,395,4.5,In Stock,https://foxtale.in/products/keep-calm-face-mist,https://foxtale.in/cdn/shop/products/FaceMist_1.jpg,https://foxtale.in/cdn/shop/products/FaceMist_2-back.jpg,,,
IN-SKIN-0123,Foxtale Milky Way Multi-Peptide Firming Eye Cream,Foxtale,Eye Cream,"All Skin Types, Mature",Under Eye Fine Lines & Dark Circles,"Puffiness, Sagging Eye Bags",Adults (25-65+),"Matrixyl 3000, Caffeine, Peptides",Yes,Yes,595,4.4,In Stock,https://foxtale.in/products/eye-cream,https://foxtale.in/cdn/shop/products/EyeCream_1.jpg,https://foxtale.in/cdn/shop/products/EyeCream_2-back.jpg,,,
IN-SKIN-0124,Re'equil Ultra Matte Dry Touch Sunscreen Gel SPF 50,Re'equil,Sunscreen,"Oily, Combination, Acne-Prone",Extreme Oily Skin & Sweating,"White Cast Prevention, Clogged Pores",Teens to Adults (15-50),"Octinoxate, Zinc Oxide, Titanium Dioxide (Silicone-Gel Base)",Yes,Yes,780,4.8,In Stock,https://www.reequil.com/products/ultra-matte-dry-touch-sunscreen-gel-spf-50-pa,https://www.reequil.com/cdn/shop/products/Sunscreen_Gel_1.jpg,https://www.reequil.com/cdn/shop/products/Sunscreen_Gel_2-back.jpg,,,
IN-SKIN-0125,Re'equil Oxybenzone & OMC Free Sunscreen SPF 50,Re'equil,Sunscreen,"Sensitive, Acne-Prone, Normal",Sun Induced Breakouts & Irritation,"Sun Damage, Chemical Filter Rash",All Ages (12-60),"Zinc Oxide, Titanium Dioxide, Eurol Bt",Yes,Yes,550,4.7,In Stock,https://www.reequil.com/products/oxybenzone-omc-free-sunscreen-spf-50,https://www.reequil.com/cdn/shop/products/OMCFreeSunscreen_1.jpg,https://www.reequil.com/cdn/shop/products/OMCFreeSunscreen_2-back.jpg,,,
IN-SKIN-0126,Re'equil Oil Free Mattifying Moisturiser,Re'equil,Moisturizer,"Oily, Acne-Prone",Excessive Oily Shine & Enlarged Pores,Heavy Cream Breakouts,"Teens (13-19), Adults (20-35)","Enantia Chlorantha Bark Extract, Oleanolic Acid",Yes,Yes,450,4.5,In Stock,https://www.reequil.com/products/oil-free-mattifying-moisturiser,https://www.reequil.com/cdn/shop/products/MattifyingMoisturizer_1.jpg,https://www.reequil.com/cdn/shop/products/MattifyingMoisturizer_2-back.jpg,,,
IN-SKIN-0127,Re'equil Ceramide & Hyaluronic Acid Moisturiser,Re'equil,Moisturizer,"Dry, Normal, Sensitive",Flaky Skin Barrier & Dryness,"Roughness, Stinging, Flakes",All Ages (15-65+),"Ceramide III, Hyaluronic Acid, Mango Butter",No,Yes,390,4.7,In Stock,https://www.reequil.com/products/ceramide-hyaluronic-acid-moisturiser,https://www.reequil.com/cdn/shop/products/CeramideMoisturiser_1.jpg,https://www.reequil.com/cdn/shop/products/CeramideMoisturiser_2-back.jpg,,,
IN-SKIN-0128,Re'equil Fruit AHA Face Wash for Pigmentation & Dark Spots,Re'equil,Face Wash / Cleanser,"All Skin Types, Pigmented","Facial Marks, Melasma & Dullness",Dead Skin Cell Accumulation,Adults (18-50),"Alpha Hydroxy Acids from Sugarcane, Orange, Lemon",Yes,Yes,450,4.6,In Stock,https://www.reequil.com/products/fruit-aha-face-wash,https://www.reequil.com/cdn/shop/products/AHAFaceWash_1.jpg,https://www.reequil.com/cdn/shop/products/AHAFaceWash_2-back.jpg,,,
IN-SKIN-0129,Re'equil Pitstop Gel for Acne Scars & Pits Removal,Re'equil,Acne Scar Treatment Gel,All Skin Types,Atrophic Acne Pits & Deep Marks,"Textured Scars, Indentations",Adults (18-45),"Allium Cepa Bulb Extract, Olea Europaea Leaf",Yes,Yes,750,4.4,In Stock,https://www.reequil.com/products/pitstop-gel-acne-scars-removal,https://www.reequil.com/cdn/shop/products/PitstopGel_1.jpg,https://www.reequil.com/cdn/shop/products/PitstopGel_2-back.jpg,,,
IN-SKIN-0130,Re'equil 0.1% Retinol Enriched Night Cream,Re'equil,Night Cream,"Mature, All Skin Types","Fine Lines, Crow's Feet & Wrinkles","Premature Aging, Lack of Elasticity",Adults (25-60+),"0.1% Pure Retinol, Squalane, Hyaluronic Acid",Yes,Yes,630,4.5,In Stock,https://www.reequil.com/products/0-1-retinol-night-cream,https://www.reequil.com/cdn/shop/products/RetinolCream_1.jpg,https://www.reequil.com/cdn/shop/products/RetinolCream_2-back.jpg,,,
IN-SKIN-0131,Re'equil Pore Refining Face Toner with Witch Hazel,Re'equil,Facial Toner,"Oily, Combination",Dilated Open Pores & Grease,"Microbial Buildup, Uneven Texture",Teens & Adults (15-40),"Witch Hazel Extract, 9 Botanical Extracts",Yes,Yes,350,4.4,In Stock,https://www.reequil.com/products/pore-refining-face-toner,https://www.reequil.com/cdn/shop/products/PoreToner_1.jpg,https://www.reequil.com/cdn/shop/products/PoreToner_2-back.jpg,,,
IN-SKIN-0132,Re'equil Sheer Zinc Tinted Sunscreen SPF 50 PA++++,Re'equil,Tinted Mineral Sunscreen,"Sensitive, All Skin Types",Mineral Sun Protection & Skin Tint,"White Cast on Indian Skin, UV Burn",All Ages (15-60),"100% Mineral Zinc Oxide (25%), Iron Oxides",Yes,Yes,795,4.6,In Stock,https://www.reequil.com/products/sheer-zinc-tinted-sunscreen-spf-50,https://www.reequil.com/cdn/shop/products/SheerZinc_1.jpg,https://www.reequil.com/cdn/shop/products/SheerZinc_2-back.jpg,,,
IN-SKIN-0133,Re'equil Under Eye Cream for Dark Circles & Puffy Eyes,Re'equil,Under Eye Cream,All Skin Types,Periorbital Dark Circles & Eye Bags,"Under-Eye Pigment, Skin Thinning",Adults (18-60),"Chenopodium Quinoa Seed Extract, Lumiskin",Yes,Yes,550,4.4,In Stock,https://www.reequil.com/products/under-eye-cream,https://www.reequil.com/cdn/shop/products/UnderEyeCream_1.jpg,https://www.reequil.com/cdn/shop/products/UnderEyeCream_2-back.jpg,,,
IN-SKIN-0134,Chemist at Play 20% Vitamin C Advanced Brightening Serum,Chemist at Play,Face Serum,"Normal, Dry, Combination","Facial Marks, Dullness & Uneven Tone","Collagen Loss, Free Radical Damage",Adults (20-55),"20% 3-O-Ethyl Ascorbic Acid, 1% Tocopherol, Ferulic Acid",Yes,Yes,699,4.6,In Stock,https://chemistatplay.com/products/20-vitamin-c-face-serum,https://chemistatplay.com/cdn/shop/products/VitaminC_Serum_1.jpg,https://chemistatplay.com/cdn/shop/products/VitaminC_Serum_2-back.jpg,,,
IN-SKIN-0135,Chemist at Play Acne Control Face Serum with 10% Azelaic Acid,Chemist at Play,Face Serum,"Oily, Acne-Prone, Rosacea",Acne Redness & Post-Blemish Red Marks,"Inflammatory Papules, Excess Sebum",Teens & Adults (15-40),"10% Potassium Azeloyl Diglycinate, Ceramides Complex",Yes,Yes,649,4.6,In Stock,https://chemistatplay.com/products/acne-control-face-serum,https://chemistatplay.com/cdn/shop/products/AzelaicSerum_1.jpg,https://chemistatplay.com/cdn/shop/products/AzelaicSerum_2-back.jpg,,,
IN-SKIN-0136,Chemist at Play Exfoliating Face Serum with 10% AHA + 2% BHA,Chemist at Play,Exfoliating Serum,"Oily, Combination, Normal","Dead Skin Layer, Blackheads & Dullness","Rough Follicles, Blemishes",Adults (18-45),"10% Lactic Acid, 2% Salicylic Acid, Ceramides",Yes,Yes,599,4.5,In Stock,https://chemistatplay.com/products/exfoliating-face-serum,https://chemistatplay.com/cdn/shop/products/ExfoliatingSerum_1.jpg,https://chemistatplay.com/cdn/shop/products/ExfoliatingSerum_2-back.jpg,,,
IN-SKIN-0137,Chemist at Play Hydrating Face Serum with Ceramides,Chemist at Play,Face Serum,"Dry, Sensitive, Compromised",Tight Stinging Skin & Barrier Breakdown,"Dehydration Flakes, Irritation",All Ages (15-65+),"1% Hyaluronic Acid, Essential Ceramides Complex",Yes,Yes,599,4.7,In Stock,https://chemistatplay.com/products/hydrating-face-serum,https://chemistatplay.com/cdn/shop/products/HydratingSerum_1.jpg,https://chemistatplay.com/cdn/shop/products/HydratingSerum_2-back.jpg,,,
IN-SKIN-0138,Chemist at Play 1% Salicylic Acid Acne Control Face Wash,Chemist at Play,Face Wash / Cleanser,"Oily, Acne-Prone",Active Acne & Greasy Face,"Blocked Pores, Surface Microbes",Teens & Adults (13-35),"1% Salicylic Acid, Ceramides, Zemea",Yes,Yes,349,4.6,In Stock,https://chemistatplay.com/products/acne-control-face-wash,https://chemistatplay.com/cdn/shop/products/AcneFaceWash_1.jpg,https://chemistatplay.com/cdn/shop/products/AcneFaceWash_2-back.jpg,,,
IN-SKIN-0139,Chemist at Play Brightening Face Toner with Ceramides,Chemist at Play,Facial Toner,"All Skin Types, Dull Skin",Uneven Complexion & Enlarged Pores,Post-Wash pH Imbalance,Adults (18-50),"5% Glycolic Acid, 2% Niacinamide, Ceramides",Yes,Yes,449,4.5,In Stock,https://chemistatplay.com/products/brightening-face-toner,https://chemistatplay.com/cdn/shop/products/BrighteningToner_1.jpg,https://chemistatplay.com/cdn/shop/products/BrighteningToner_2-back.jpg,,,
IN-SKIN-0140,Chemist at Play Daily Glow Sunscreen SPF 50 PA++++,Chemist at Play,Sunscreen,All Skin Types,Sun Tan & Dark Pigmentation,"Photoaging, UV Light Damage",All Ages (14-60),"Ceramides, Vitamin C, Hybrid UV Filters",Yes,Yes,499,4.6,In Stock,https://chemistatplay.com/products/daily-glow-sunscreen,https://chemistatplay.com/cdn/shop/products/Sunscreen_1.jpg,https://chemistatplay.com/cdn/shop/products/Sunscreen_2-back.jpg,,,
IN-SKIN-0141,Chemist at Play Ceramide Hydrating Face Moisturizer,Chemist at Play,Moisturizer,"Dry to Normal, Sensitive",Severe Dryness & Skin Barrier Stress,"Itchiness, Cracking, Actives Peeling",All Ages (15-65+),"3 Ceramides (EOP, NP, AP), Hyaluronic Acid",Yes,Yes,399,4.7,In Stock,https://chemistatplay.com/products/hydrating-face-moisturizer,https://chemistatplay.com/cdn/shop/products/Moisturizer_1.jpg,https://chemistatplay.com/cdn/shop/products/Moisturizer_2-back.jpg,,,
IN-SKIN-0142,Chemist at Play Oil Free Gel Moisturizer with Ceramides,Chemist at Play,Gel Moisturizer,"Oily, Combination, Acne-Prone",Oiliness with Barrier Dehydration,"Greasy Film, Congestion",Teens & Adults (15-40),"Ceramides Complex, Betaine, Pentavitin",Yes,Yes,399,4.6,In Stock,https://chemistatplay.com/products/oil-free-gel-moisturizer,https://chemistatplay.com/cdn/shop/products/GelMoisturizer_1.jpg,https://chemistatplay.com/cdn/shop/products/GelMoisturizer_2-back.jpg,,,
IN-SKIN-0143,Chemist at Play Under Eye Roll-On Serum with Caffeine,Chemist at Play,Eye Serum Roll-On,All Skin Types,Under Eye Puffiness & Dark Circles,"Eye Fatigue, Dark Shadowing",Adults (18-55),"3% Caffeine, 1% Peptides, Ceramides",Yes,Yes,499,4.4,In Stock,https://chemistatplay.com/products/under-eye-roll-on,https://chemistatplay.com/cdn/shop/products/EyeRollOn_1.jpg,https://chemistatplay.com/cdn/shop/products/EyeRollOn_2-back.jpg,,,
IN-SKIN-0144,Aqualogica Radiance+ Dewy Sunscreen SPF 50 PA++++,Aqualogica,Sunscreen,"All Skin Types, Dull Skin",Sun Tan & Dull Complexion,"UV Damage, Moisture Loss",All Ages (14-55),"Watermelon Extract, Niacinamide, Hyaluronic Acid",Yes,Yes,449,4.7,In Stock,https://aqualogica.in/product/radiance-dewy-sunscreen-spf-50-50g,https://aqualogica.in/cdn/shop/products/DewySunscreen_1.jpg,https://aqualogica.in/cdn/shop/products/DewySunscreen_2-back.jpg,,,
IN-SKIN-0145,Aqualogica Glow+ Dewy Sunscreen SPF 50 PA++++,Aqualogica,Sunscreen,"Normal, Dry, Combination",Sun Tan & Dark Spots,"UV Radiation, Lack of Natural Glow",All Ages (14-55),"Papaya Extract, Vitamin C, Hyaluronic Acid",Yes,Yes,449,4.7,In Stock,https://aqualogica.in/product/glow-dewy-sunscreen-spf-50,https://aqualogica.in/cdn/shop/products/GlowSunscreen_1.jpg,https://aqualogica.in/cdn/shop/products/GlowSunscreen_2-back.jpg,,,
IN-SKIN-0146,Aqualogica Clear+ Smoothie Face Wash with Salicylic Acid,Aqualogica,Face Wash / Cleanser,"Oily, Acne-Prone",Active Acne & Oily Film,"Clogged Pores, Sticky Sebum",Teens & Adults (13-35),"Green Tea, Salicylic Acid, Hyaluronic Acid",Yes,Yes,249,4.5,In Stock,https://aqualogica.in/product/clear-smoothie-face-wash,https://aqualogica.in/cdn/shop/products/ClearFaceWash_1.jpg,https://aqualogica.in/cdn/shop/products/ClearFaceWash_2-back.jpg,,,
IN-SKIN-0147,Aqualogica Radiance+ Jello Moisturizer with Watermelon,Aqualogica,Jello Gel Moisturizer,"Oily, Combination",Dehydrated Oily Skin & Dull Marks,"Oil Slick, Enlarged Pores",Teens & Adults (15-40),"Watermelon, Niacinamide, Hyaluronic Acid",Yes,Yes,399,4.6,In Stock,https://aqualogica.in/product/radiance-jello-moisturizer,https://aqualogica.in/cdn/shop/products/JelloMoisturizer_1.jpg,https://aqualogica.in/cdn/shop/products/JelloMoisturizer_2-back.jpg,,,
IN-SKIN-0148,Aqualogica Glow+ Juicy Dew Drops Serum,Aqualogica,Face Serum / Highlighter,"All Skin Types, Dull Skin",Dull Skin & Lack of Instant Glow,"Tired Complexion, Post-Acne Marks",Adults (18-45),"Papaya Extract, Vitamin C, Hyaluronic Acid",Yes,Yes,599,4.5,In Stock,https://aqualogica.in/product/glow-juicy-dew-drops,https://aqualogica.in/cdn/shop/products/DewDrops_1.jpg,https://aqualogica.in/cdn/shop/products/DewDrops_2-back.jpg,,,
IN-SKIN-0149,Aqualogica Clear+ Invisible Matte Sunscreen SPF 50,Aqualogica,Sunscreen,"Oily, Acne-Prone",Greasy Skin Under Sun & Breakouts,"Sweat, White Cast, Clogged Pores",Teens & Adults (14-40),"Salicylic Acid, Green Tea, Hyaluronic Acid",Yes,Yes,499,4.6,In Stock,https://aqualogica.in/product/clear-invisible-matte-sunscreen,https://aqualogica.in/cdn/shop/products/MatteSunscreen_1.jpg,https://aqualogica.in/cdn/shop/products/MatteSunscreen_2-back.jpg,,,
IN-SKIN-0150,Aqualogica Hydrate+ Sleeping Face Mask with Coconut Water,Aqualogica,Sleeping Mask,"Dry, Dehydrated Skin",Severe Overnight Moisture Depletion,"Dry Rough Patches, Tightness",All Ages (15-60),"Coconut Water, Hyaluronic Acid",Yes,Yes,449,4.4,In Stock,https://aqualogica.in/product/hydrate-sleeping-mask,https://aqualogica.in/cdn/shop/products/SleepingMask_1.jpg,https://aqualogica.in/cdn/shop/products/SleepingMask_2-back.jpg,,,
IN-SKIN-0151,Aqualogica Glow+ Dewy Lip Balm with Papaya & Vitamin C,Aqualogica,Lip Balm SPF,All Skin Types,Pigmented Dark Lips & Dryness,"Cracked Lip Skin, UV Tan",All Ages (12-50),"Papaya Extract, Vitamin C, SPF 20",No,Yes,249,4.5,In Stock,https://aqualogica.in/product/glow-dewy-lip-balm,https://aqualogica.in/cdn/shop/products/LipBalm_1.jpg,https://aqualogica.in/cdn/shop/products/LipBalm_2-back.jpg,,,
IN-SKIN-0152,Aqualogica Detan+ Smoothie Face Wash with Cherry Tomato,Aqualogica,Face Wash / Cleanser,All Skin Types,Stubborn Sun Tan & Pollution Grime,Dullness after Outdoors,Teens & Adults (15-50),"Cherry Tomato, Hyaluronic Acid, Glycolic Acid",Yes,Yes,249,4.4,In Stock,https://aqualogica.in/product/detan-smoothie-face-wash,https://aqualogica.in/cdn/shop/products/DetanFaceWash_1.jpg,https://aqualogica.in/cdn/shop/products/DetanFaceWash_2-back.jpg,,,
IN-SKIN-0153,Aqualogica Radiance+ Oil-Free Face Moisturizer,Aqualogica,Moisturizer,"Oily, Combination",Excess Shine & Facial Marks,"Clogged Follicles, Dark Spots",Teens & Adults (15-35),"Watermelon, Niacinamide, Hyaluronic Acid",Yes,Yes,349,4.5,In Stock,https://aqualogica.in/product/radiance-oil-free-moisturizer,https://aqualogica.in/cdn/shop/products/RadianceMoisturizer_1.jpg,https://aqualogica.in/cdn/shop/products/RadianceMoisturizer_2-back.jpg,,,
IN-SKIN-0154,Cetaphil Gentle Skin Cleanser for Dry to Normal Sensitive Skin,Cetaphil India,Face Wash / Cleanser,"Sensitive, Dry, Reactive","Skin Stinging, Redness & Barrier Breakdown","Extreme Sensitivity, Post-Procedure Care",All Ages (0-80+),"Niacinamide, Panthenol (Pro-Vit B5), Glycerin",Yes,Yes,333,4.8,In Stock,https://www.cetaphil.in/cleansers/gentle-skin-cleanser,https://www.cetaphil.in/assets/images/gentle-cleanser.jpg,https://www.cetaphil.in/assets/images/gentle-cleanser-back.jpg,,,
IN-SKIN-0155,Cetaphil Oily Skin Cleanser for Acne-Prone Skin,Cetaphil India,Face Wash / Cleanser,"Oily, Combination, Acne-Prone",Excess Sebum & Acne Breakouts,"Pore Congestion, Greasiness","Teens (13-19), Adults (20-35)","Niacinamide, Panthenol, Zinc Gluconate",No,Yes,545,4.7,In Stock,https://www.cetaphil.in/cleansers/oily-skin-cleanser,https://www.cetaphil.in/assets/images/oily-cleanser.jpg,https://www.cetaphil.in/assets/images/oily-cleanser-back.jpg,,,
IN-SKIN-0156,Cetaphil Moisturising Cream for Very Dry Sensitive Skin,Cetaphil India,Moisturizer / Cream,"Very Dry, Eczema-Prone, Sensitive",Severe Xerosis & Skin Cracking,"Itching, Atopic Barrier Weakness",All Ages (1-75+),"Sweet Almond Oil, Niacinamide, Panthenol, Glycerin",Yes,Yes,465,4.8,In Stock,https://www.cetaphil.in/moisturizers/moisturising-cream,https://www.cetaphil.in/assets/images/moisturising-cream.jpg,https://www.cetaphil.in/assets/images/moisturising-cream-back.jpg,,,
IN-SKIN-0157,CeraVe Foaming Facial Cleanser for Normal to Oily Skin,CeraVe India,Face Wash / Cleanser,"Normal to Oily, Sensitive",Excess Sebum & Impaired Skin Barrier,"Daily Cleansing, Shine Control",Teens to Mature (13-60+),"Ceramides 1, 3, 6-II, Hyaluronic Acid, Niacinamide",Yes,Yes,550,4.7,In Stock,https://www.ceraveindia.com/ceramides-skin-care/cleansers/foaming-oil-free-cleanser,https://www.ceraveindia.com/assets/images/cerave-foaming-cleanser.jpg,https://www.ceraveindia.com/assets/images/cerave-foaming-cleanser-back.jpg,,,
IN-SKIN-0158,CeraVe Moisturising Cream with 3 Essential Ceramides,CeraVe India,Moisturizer / Cream,"Dry to Very Dry, Sensitive",Compromised Barrier & Severe Dryness,"Stinging, Skin Flaking, Itch",All Ages (10-70+),"3 Essential Ceramides, Hyaluronic Acid, MVE Technology",Yes,Yes,650,4.8,In Stock,https://www.ceraveindia.com/ceramides-skin-care/moisturizers/moisturising-cream,https://www.ceraveindia.com/assets/images/cerave-cream.jpg,https://www.ceraveindia.com/assets/images/cerave-cream-back.jpg,,,
IN-SKIN-0159,Sebamed Clear Face Care Gel Ph 5.5,Sebamed India,Acne Gel Moisturizer,"Oily, Severe Acne-Prone, Sensitive",Active Acne & Microbe Infections,"Clogged Follicles, Acid Mantle Breakdown","Teens (13-19), Adults (20-35)","Hyaluronic Acid, Aloe Vera, Panthenol, Allantoin (pH 5.5)",Yes,Yes,475,4.7,In Stock,https://www.sebamedindia.com/product/clear-face-care-gel,https://www.sebamedindia.com/assets/images/sebamed-care-gel.jpg,https://www.sebamedindia.com/assets/images/sebamed-care-gel-back.jpg,,,
IN-SKIN-0160,Sebamed Clear Face Cleansing Foam Ph 5.5,Sebamed India,Cleansing Foam,"Oily, Acne-Prone",Bacterial Breakouts & Pores,"Acid Mantle Support, Excess Grease","Teens (13-19), Adults (20-35)","Montaline C40 (Coconut Active), Panthenol (pH 5.5)",Yes,Yes,580,4.6,In Stock,https://www.sebamedindia.com/product/clear-face-cleansing-foam,https://www.sebamedindia.com/assets/images/sebamed-foam.jpg,https://www.sebamedindia.com/assets/images/sebamed-foam-back.jpg,,,
IN-SKIN-0161,Fixderma Shadow Sunscreen Gel SPF 30+ PA+++,Fixderma,Sunscreen Gel,"Oily, Acne-Prone, Sensitive",Oily Skin Sun Protection & Sweating,"Non-Greasy UV Defense, Breakout Prevention",All Ages (12-55),"Octinoxate, Zinc Oxide, Avobenzone",Yes,Yes,385,4.6,In Stock,https://www.fixderma.com/products/shadow-spf-30-gel,https://www.fixderma.com/cdn/shop/products/ShadowSPF30_1.jpg,https://www.fixderma.com/cdn/shop/products/ShadowSPF30_2-back.jpg,,,
IN-SKIN-0162,Fixderma Shadow Sunscreen Cream SPF 50+ PA+++,Fixderma,Sunscreen Cream,"Dry, Normal","Sun Tan, Burning & Hyperpigmentation",High UVA/UVB Radiation Damage,All Ages (14-60),"Octinoxate, Titanium Dioxide, Benzophenone-4",Yes,Yes,495,4.6,In Stock,https://www.fixderma.com/products/shadow-spf-50-cream,https://www.fixderma.com/cdn/shop/products/ShadowSPF50_1.jpg,https://www.fixderma.com/cdn/shop/products/ShadowSPF50_2-back.jpg,,,
IN-SKIN-0163,Fixderma Nigrifix Cream for Dark Body & Neck Patches,Fixderma,Acanthosis Nigricans Treatment,All Skin Types,"Dark Velvety Patches (Neck, Underarms, Knuckles)","Friction Darkening, Insulin Resistance Marks",Teens & Adults (15-60),"Retinol, Lactic Acid, Urea, Tea Tree Oil",Yes,Yes,495,4.5,In Stock,https://www.fixderma.com/products/nigrifix-cream,https://www.fixderma.com/cdn/shop/products/NigrifixCream_1.jpg,https://www.fixderma.com/cdn/shop/products/NigrifixCream_2-back.jpg,,,
IN-SKIN-0164,Episoft AC Moisturiser with Microencapsulated Sunscreen SPF 30,Episoft,Moisturizer + Sunscreen,"Oily, Acne-Prone, Post-Treatment",Acne Undergoing Dermatological Treatment,"Dryness from Oral Isotretinoin, Sun Spots",Teens & Adults (14-40),"Microencapsulated UV Filters, Capric Triglyceride",Yes,Yes,575,4.7,In Stock,https://www.glenmarkpharma.com/episoft-ac,https://www.glenmarkpharma.com/assets/images/episoft-ac.jpg,https://www.glenmarkpharma.com/assets/images/episoft-ac-back.jpg,,,
IN-SKIN-0165,Emolene Dry Skin Care Treatment Cream,Emolene,Intense Hydrating Cream,"Dry, Dehydrated, Peeling",Severe Flakiness & Water Deficiency,"Transepidermal Water Loss, Cracking",All Ages (12-70+),"Propylene Glycol, Diazolidinyl Urea",Yes,Yes,330,4.6,In Stock,https://www.emolene.in/product/cream,https://www.emolene.in/assets/images/emolene.jpg,https://www.emolene.in/assets/images/emolene-back.jpg,,,
IN-SKIN-0166,Bioderma Sensibio H2O Micellar Water,Bioderma India,Micellar Cleanser,"Sensitive, Intolerant, All Skin Types",Facial Redness & Makeup Impurities,"Environmental Pollution, Stinging",All Ages (12-65+),"Micellar Fatty Acid Esters, Cucumber Extract",Yes,Yes,395,4.9,In Stock,https://www.bioderma.co.in/sensibio-h2o,https://www.bioderma.co.in/assets/images/sensibio-h2o.jpg,https://www.bioderma.co.in/assets/images/sensibio-h2o-back.jpg,,,
IN-SKIN-0167,Bioderma Atoderm Intensive Baume Ultra-Soothing Balm,Bioderma India,Barrier Repair Balm,"Very Dry, Irritated, Atopic Skin",Intense Itching & Eczematous Flare-ups,"Damaged Skin Barrier, Rough Scabs",All Ages (0-80+),"Skin Barrier Therapy Patent, PEA, Ceramides",Yes,Yes,750,4.8,In Stock,https://www.bioderma.co.in/atoderm-intensive-baume,https://www.bioderma.co.in/assets/images/atoderm-baume.jpg,https://www.bioderma.co.in/assets/images/atoderm-baume-back.jpg,,,
IN-SKIN-0168,Lacto Calamine Daily Face Lotion for Oily Skin,Lacto Calamine,Oil Balance Lotion,"Oily, Combination",Severe Oily Shine & Pimples,"Excess Sebum Absorption, Heat Boils","Teens (12-19), Adults (20-40)","Kaolin Clay, Zinc Oxide, Castor Oil",No,Yes,160,4.4,In Stock,https://www.lactocalamine.com/products/oil-balance-lotion,https://www.lactocalamine.com/assets/images/lacto-calamine.jpg,https://www.lactocalamine.com/assets/images/lacto-calamine-back.jpg,,,
IN-SKIN-0169,Kama Ayurveda Pure Rose Water Face Mist,Kama Ayurveda,Facial Mist / Toner,"All Skin Types, Sensitive",Dullness & Skin Dehydration,"Post-Wash Tightness, Sun Stress",All Ages (12-65+),100% Pure Steam Distilled Kannauj Rose Water,Yes,Yes,495,4.8,In Stock,https://www.kamaayurveda.in/products/pure-rose-water,https://www.kamaayurveda.in/cdn/shop/products/RoseWater_1.jpg,https://www.kamaayurveda.in/cdn/shop/products/RoseWater_2-back.jpg,,,
IN-SKIN-0170,Kama Ayurveda Kumkumadi Miraculous Beauty Ayurvedic Night Serum,Kama Ayurveda,Ayurvedic Face Oil / Serum,"Normal, Dry, Mature","Facial Marks, Melasma & Dullness","Loss of Natural Radiance, Fine Lines",Adults & Mature (25-60+),"Kashmiri Saffron, Sandalwood, Manjistha, Lotus",Yes,Yes,3195,4.7,In Stock,https://www.kamaayurveda.in/products/kumkumadi-miraculous-beauty-ayurvedic-night-serum,https://www.kamaayurveda.in/cdn/shop/products/KumkumadiSerum_1.jpg,https://www.kamaayurveda.in/cdn/shop/products/KumkumadiSerum_2-back.jpg,,,
IN-SKIN-0171,Kama Ayurveda Nimrah Anti Acne Face Pack,Kama Ayurveda,Ayurvedic Face Mask,"Oily, Acne-Prone",Cystic Pimples & Acne Blemishes,"Inflamed Skin, Red Acne Marks",Teens & Adults (15-40),"Vetiver, Ashwagandha, Red Sandalwood, Coriander",Yes,Yes,1695,4.5,In Stock,https://www.kamaayurveda.in/products/nimrah-anti-acne-face-pack,https://www.kamaayurveda.in/cdn/shop/products/NimrahPack_1.jpg,https://www.kamaayurveda.in/cdn/shop/products/NimrahPack_2-back.jpg,,,
IN-SKIN-0172,Kama Ayurveda Eladi Hydrating Ayurvedic Face Cream,Kama Ayurveda,Face Cream,Normal to Dry,Dryness & Lack of Nourishment,"Flaking, Harsh Climate Damage",Adults (20-60),"Cardamom, Costus, Sesame Oil, Coconut Milk",No,Yes,1895,4.5,In Stock,https://www.kamaayurveda.in/products/eladi-hydrating-ayurvedic-face-cream,https://www.kamaayurveda.in/cdn/shop/products/EladiCream_1.jpg,https://www.kamaayurveda.in/cdn/shop/products/EladiCream_2-back.jpg,,,
IN-SKIN-0173,Kama Ayurveda Bringadi Intensive Hair Treatment Oil,Kama Ayurveda,Hair Oil Treatment,All Hair Types,Dandruff & Hair Fall,"Scalp Flakes, Thinning Follicles",All Ages (15-60),"Bhringraj, Indigo, Amla, Sesame Oil",Yes,Yes,995,4.7,In Stock,https://www.kamaayurveda.in/products/bringadi-intensive-hair-treatment-oil,https://www.kamaayurveda.in/cdn/shop/products/BringadiOil_1.jpg,https://www.kamaayurveda.in/cdn/shop/products/BringadiOil_2-back.jpg,,,
IN-SKIN-0174,Kama Ayurveda Rejuvenating & Brightening Ayurvedic Night Cream,Kama Ayurveda,Ayurvedic Night Cream,All Skin Types,Dark Spots & Uneven Pigmentation,"Dullness, Fine Fatigue Lines",Adults (22-55),"Saffron, Indian Madder (Manjistha), Aloe Vera",No,Yes,2950,4.6,In Stock,https://www.kamaayurveda.in/products/rejuvenating-brightening-ayurvedic-night-cream,https://www.kamaayurveda.in/cdn/shop/products/NightCream_1.jpg,https://www.kamaayurveda.in/cdn/shop/products/NightCream_2-back.jpg,,,
IN-SKIN-0175,Forest Essentials Soundarya Radiance Cream with 24K Gold & SPF 25,Forest Essentials,Luxury Radiance Day Cream,"Normal, Dry, Mature","Loss of Elasticity, Deep Wrinkles & Tan","Aging Spots, Photo-damage, Dullness",Adults & Mature (28-65+),"24 Karat Pure Gold Bhasma, Saffron, Ghee, SPF 25",No,Yes,3575,4.8,In Stock,https://www.forestessentialsindia.com/soundarya-radiance-cream-with-24k-gold-spf25.html,https://www.forestessentialsindia.com/assets/images/soundarya-cream.jpg,https://www.forestessentialsindia.com/assets/images/soundarya-cream-back.jpg,,,
IN-SKIN-0176,Forest Essentials Delicate Facial Cleanser Kashmiri Saffron & Neem,Forest Essentials,Facial Cleanser,"All Skin Types, Acne-Prone",Pollution Build-up & Mild Breakouts,"Loss of Glow, Sensitive Barrier",All Ages (16-60),"Kashmiri Saffron, Neem Oil, Kewda Water",No,Yes,1550,4.7,In Stock,https://www.forestessentialsindia.com/delicate-facial-cleanser-kashmiri-saffron-neem.html,https://www.forestessentialsindia.com/assets/images/saffron-cleanser.jpg,https://www.forestessentialsindia.com/assets/images/saffron-cleanser-back.jpg,,,
IN-SKIN-0177,Forest Essentials Facial Tonic Mist Pure Rosewater,Forest Essentials,Facial Mist Toner,"All Skin Types, Sensitive",Dehydration & Skin Exhaustion,"Sun Heat Flushing, Enlarged Pores",All Ages (12-65+),Steam Distilled Desi Gulab (Rose) Water,Yes,Yes,1450,4.8,In Stock,https://www.forestessentialsindia.com/facial-tonic-mist-pure-rosewater.html,https://www.forestessentialsindia.com/assets/images/rose-mist.jpg,https://www.forestessentialsindia.com/assets/images/rose-mist-back.jpg,,,
IN-SKIN-0178,Forest Essentials Tejasvi Emulsion Ayurvedic Brightening Ghee Cream,Forest Essentials,Massage Emulsion Cream,"Dry, Very Dry, Mature","Deep Dryness, Facial Marks & Lack of Luster","Dehydrated Winter Skin, Dullness",Adults (25-65),"Organic Cow's Ghee, Saffron, Kasturi Manjal",No,Yes,2250,4.7,In Stock,https://www.forestessentialsindia.com/tejasvi-brightening-emulsion.html,https://www.forestessentialsindia.com/assets/images/tejasvi-emulsion.jpg,https://www.forestessentialsindia.com/assets/images/tejasvi-emulsion-back.jpg,,,
IN-SKIN-0179,Forest Essentials Kumkumadi Teenage Night Cream,Forest Essentials,Teen Night Cream,"Young / Teenage Skin, Combination",Teen Acne Blemishes & Excess Sebum,"Uneven Hormonal Skin, Breakouts","Teens (13-19), Young Adults (20-24)","Kumkumadi Tailam, Clarified Butter, Saffron",No,Yes,2425,4.6,In Stock,https://www.forestessentialsindia.com/kumkumadi-teenage-night-cream.html,https://www.forestessentialsindia.com/assets/images/teenage-cream.jpg,https://www.forestessentialsindia.com/assets/images/teenage-cream-back.jpg,,,
IN-SKIN-0180,Forest Essentials Sun Fluid Tender Coconut Water with Turmeric SPF 50,Forest Essentials,Sunscreen Fluid,All Skin Types,High Sun Radiation & Tan,"Premature Photo-aging, UV Burning",All Ages (15-60),"Tender Coconut Water, Fresh Turmeric, Basil Leaf",Yes,Yes,1250,4.6,In Stock,https://www.forestessentialsindia.com/sun-fluid-spf-50.html,https://www.forestessentialsindia.com/assets/images/sun-fluid.jpg,https://www.forestessentialsindia.com/assets/images/sun-fluid-back.jpg,,,
IN-SKIN-0181,Pond's Bright Beauty Spot-less Glow Face Wash,Pond's India,Face Wash / Cleanser,"All Skin Types, Dull Skin",Facial Marks & Dead Skin,"Post-Pimple Dark Marks, Dullness",Teens & Adults (15-45),"Vitamin B3 (Niacinamide), Glycerin",No,Yes,160,4.4,In Stock,https://www.ponds.in/products/bright-beauty-facewash,https://www.ponds.in/assets/images/bright-beauty-facewash.jpg,https://www.ponds.in/assets/images/bright-beauty-facewash-back.jpg,,,
IN-SKIN-0182,Pond's Super Light Gel Oil-Free Moisturiser with Hyaluronic Acid & Vitamin E,Pond's India,Gel Moisturizer,"Oily, Combination, Normal",Dehydration & Heavy Cream Breakouts,"Sticky Residue, Shine, Clogged Pores",Teens to Adults (13-45),"Hyaluronic Acid, Vitamin E, Glycerin",No,Yes,220,4.7,In Stock,https://www.ponds.in/products/super-light-gel,https://www.ponds.in/assets/images/super-light-gel.jpg,https://www.ponds.in/assets/images/super-light-gel-back.jpg,,,
IN-SKIN-0183,Pond's Pure Detox Mineral Clay Activated Charcoal Face Wash,Pond's India,Face Wash / Cleanser,"Oily, Combination",Pollution Particles & Blackheads,"Urban Grime, Sebum Plugs",Teens & Adults (14-40),"Activated Charcoal, Moroccan Clay",No,Yes,185,4.4,In Stock,https://www.ponds.in/products/pure-detox-facewash,https://www.ponds.in/assets/images/pure-detox.jpg,https://www.ponds.in/assets/images/pure-detox-back.jpg,,,
IN-SKIN-0184,Pond's Age Miracle Youthful Glow Night Cream with Retinol-C,Pond's India,Anti-Aging Night Cream,"Mature, Dry, Normal","Fine Lines, Crow's Feet & Sagging Skin","Age Spots, Loss of Collagen",Adults & Mature (30-65+),"Retinol-C Complex, Niacinamide, Prebiotics",No,Yes,699,4.5,In Stock,https://www.ponds.in/products/age-miracle-night-cream,https://www.ponds.in/assets/images/age-miracle-night.jpg,https://www.ponds.in/assets/images/age-miracle-night-back.jpg,,,
IN-SKIN-0185,Garnier Skin Naturals Bright Complete Vitamin C Face Wash,Garnier India,Face Wash / Cleanser,"All Skin Types, Dull Skin",Sun Tan & Dark Marks,"Dull Skin, Surface Dirt",Teens & Adults (15-45),"Yuzu Lemon Extract, Vitamin C",No,Yes,175,4.4,In Stock,https://www.garnier.in/about-our-brands/skin-naturals/bright-complete/vitamin-c-face-wash,https://www.garnier.in/assets/images/bright-complete-facewash.jpg,https://www.garnier.in/assets/images/bright-complete-facewash-back.jpg,,,
IN-SKIN-0186,Garnier Skin Naturals Bright Complete 30X Vitamin C Booster Serum,Garnier India,Face Serum,"All Skin Types, Dull Skin",Stubborn Dark Spots & Facial Marks,"Sun Tan, Lack of Radiance",Adults (18-45),"30X Concentrated Vitamin C, Lemon Extract, Niacinamide",No,Yes,449,4.5,In Stock,https://www.garnier.in/about-our-brands/skin-naturals/bright-complete/vitamin-c-booster-serum,https://www.garnier.in/assets/images/vit-c-serum.jpg,https://www.garnier.in/assets/images/vit-c-serum-back.jpg,,,
IN-SKIN-0187,Garnier Micellar Cleansing Water Pink for Sensitive Skin,Garnier India,Micellar Cleanser,"Sensitive, All Skin Types",Makeup & Pollution Residue,"Clogged Pores, Skin Irritation",All Ages (13-60),"Micellar Molecules, Glycerin",Yes,Yes,225,4.7,In Stock,https://www.garnier.in/about-our-brands/skin-naturals/micellar-water/pink,https://www.garnier.in/assets/images/micellar-pink.jpg,https://www.garnier.in/assets/images/micellar-pink-back.jpg,,,
IN-SKIN-0188,Garnier Micellar Cleansing Water Vitamin C Yellow,Garnier India,Micellar Cleanser,"Dull, All Skin Types",Heavy Makeup & Dull Complexion,"Pollution Grime, Dark Spots",Adults (16-50),"Micelles, Vitamin C Complex",Yes,Yes,299,4.6,In Stock,https://www.garnier.in/about-our-brands/skin-naturals/micellar-water/vitamin-c,https://www.garnier.in/assets/images/micellar-vit-c.jpg,https://www.garnier.in/assets/images/micellar-vit-c-back.jpg,,,
IN-SKIN-0189,Garnier Bright Complete Anti-Acne Booster Face Serum,Garnier India,Acne Face Serum,"Oily, Acne-Prone",Active Pimples & Acne Marks,"Salicylic Exfoliation, Inflammation","Teens (13-19), Adults (20-35)","4% Complex (Vitamin C, Salicylic Acid, Niacinamide, AHA)",Yes,Yes,499,4.4,In Stock,https://www.garnier.in/about-our-brands/skin-naturals/bright-complete/anti-acne-serum,https://www.garnier.in/assets/images/anti-acne-serum.jpg,https://www.garnier.in/assets/images/anti-acne-serum-back.jpg,,,
IN-SKIN-0190,Clean & Clear Foaming Face Wash for Oily Skin,Clean & Clear India,Face Wash / Cleanser,"Oily, Teen Acne-Prone",Teen Pimple Flare-ups & Shiny Forehead,"Excess Sebum, Surface Bacteria","Teens (12-19), Young Adults (20-25)","Triethanolamine, Lauric Acid, Glycerin",No,Yes,165,4.5,In Stock,https://www.cleanandclear.in/products/foaming-face-wash,https://www.cleanandclear.in/assets/images/clean-clear-facewash.jpg,https://www.cleanandclear.in/assets/images/clean-clear-facewash-back.jpg,,,
IN-SKIN-0191,Clean & Clear Morning Energy Apple Face Wash,Clean & Clear India,Face Wash / Cleanser,Normal to Oily,Morning Tiredness & Oiliness,"Dull Awakening Skin, Surface Dirt",Teens & Young Adults (13-25),"Green Apple Extracts, Bursting Beads",No,Yes,140,4.3,In Stock,https://www.cleanandclear.in/products/morning-energy-apple,https://www.cleanandclear.in/assets/images/apple-facewash.jpg,https://www.cleanandclear.in/assets/images/apple-facewash-back.jpg,,,
IN-SKIN-0192,Joy pH 5.5 Moisture Balancing Face Wash,Joy,Face Wash / Cleanser,"Sensitive, Dry, Reactive",Skin Irritation & pH Imbalance,"Redness, Stinging, Dehydration",All Ages (12-60),"Ceramides, Calendula, Vitamin B5 (pH 5.5)",Yes,Yes,199,4.6,In Stock,https://www.joypersonalcare.com/products/joy-ph-5-5-face-wash,https://www.joypersonalcare.com/assets/images/joy-ph-facewash.jpg,https://www.joypersonalcare.com/assets/images/joy-ph-facewash-back.jpg,,,
IN-SKIN-0193,Joy Revivify Anti-Acne Face Serum with Salicylic & Niacinamide,Joy,Face Serum,"Oily, Acne-Prone",Pimple Breakouts & Acne Spots,"Sebum Regulation, Red Marks",Teens & Adults (14-35),"2% Salicylic Acid, 5% Niacinamide, Tea Tree",Yes,Yes,299,4.3,In Stock,https://www.joypersonalcare.com/products/joy-anti-acne-serum,https://www.joypersonalcare.com/assets/images/joy-acne-serum.jpg,https://www.joypersonalcare.com/assets/images/joy-acne-serum-back.jpg,,,
IN-SKIN-0194,Joy Lemon Clarifying Face Wash for Oil Control,Joy,Face Wash / Cleanser,Oily Skin,Heavy Grease & Grime,"Pollution Buildup, Blackheads",Teens & Adults (13-35),"Lemon Extract, Fruit Enzymes",No,Yes,110,4.2,In Stock,https://www.joypersonalcare.com/products/joy-lemon-face-wash,https://www.joypersonalcare.com/assets/images/joy-lemon.jpg,https://www.joypersonalcare.com/assets/images/joy-lemon-back.jpg,,,
IN-SKIN-0195,Joy Honey & Almonds Advanced Nourishing Body Lotion,Joy,Body Lotion Moisturizer,Dry to Normal Skin,Body Dryness & Flaking,"Rough Elbows, Winter Skin Dryness",All Ages (10-70+),"Almond Oil, Pure Honey, Vitamin E",No,Yes,215,4.5,In Stock,https://www.joypersonalcare.com/products/joy-honey-almonds-lotion,https://www.joypersonalcare.com/assets/images/joy-honey-lotion.jpg,https://www.joypersonalcare.com/assets/images/joy-honey-lotion-back.jpg,,,
IN-SKIN-0196,Lotus Herbals Safe Sun 3-in-1 Matte Look Daily Sunblock SPF 40,Lotus Herbals,Sunscreen Cream,"Oily, Combination, Normal",Sun Tan & Greasy T-Zone,"Sweat, UV Darkening, Sticky Skin",All Ages (14-55),"Birch Extract, Mallow, Hops Extract, UV Filters",No,Yes,345,4.6,In Stock,https://www.lotusherbals.com/products/safe-sun-3-in-1-matte-look-daily-sunblock-spf-40,https://www.lotusherbals.com/cdn/shop/products/SafeSun3in1_1.jpg,https://www.lotusherbals.com/cdn/shop/products/SafeSun3in1_2-back.jpg,,,
IN-SKIN-0197,Lotus Herbals Safe Sun UV Screen Matte Gel SPF 50,Lotus Herbals,Sunscreen Gel,"Oily, Acne-Prone",Ultra Greasy Skin Under Sun,"Breakouts from Thick Sunscreens, Tan",Teens & Adults (14-45),"Vanilla Extract, Comfrey, Horse Chestnut",No,Yes,440,4.6,In Stock,https://www.lotusherbals.com/products/safe-sun-uv-screen-matte-gel-spf-50,https://www.lotusherbals.com/cdn/shop/products/MatteGel50_1.jpg,https://www.lotusherbals.com/cdn/shop/products/MatteGel50_2-back.jpg,,,
IN-SKIN-0198,Lotus Herbals WhiteGlow Skin Whitening & Brightening Gel Cream SPF 25,Lotus Herbals,Day Gel Cream,All Skin Types,"Facial Marks, Uneven Tone & Tan","Dullness, Post-Acne Dark Spots",Adults (18-45),"Saxifraga Extract, Grapefruit, Mulberry, Milk Enzymes",No,Yes,340,4.4,In Stock,https://www.lotusherbals.com/products/whiteglow-skin-whitening-brightening-gel-creme-spf-25,https://www.lotusherbals.com/cdn/shop/products/WhiteGlowGelCreme_1.jpg,https://www.lotusherbals.com/cdn/shop/products/WhiteGlowGelCreme_2-back.jpg,,,
IN-SKIN-0199,Lotus Herbals WhiteGlow Skin Brightening Night Cream,Lotus Herbals,Night Cream,All Skin Types,Uneven Skin Pigment & Night Recovery,"Dull Complexion, Dark Spots",Adults (20-50),"Grape Extract, Mulberry, Saxifraga",No,Yes,395,4.4,In Stock,https://www.lotusherbals.com/products/whiteglow-skin-whitening-brightening-nourishing-night-creme,https://www.lotusherbals.com/cdn/shop/products/WhiteGlowNight_1.jpg,https://www.lotusherbals.com/cdn/shop/products/WhiteGlowNight_2-back.jpg,,,
IN-SKIN-0200,Lotus Herbals YouthRx Anti-Ageing Transforming Creme SPF 25,Lotus Herbals,Anti-Aging Cream,"Mature, Normal, Dry","Wrinkles, Sagging & Fine Lines","Age Spots, Loss of Elasticity",Adults & Mature (28-65+),"Gineplex Youth Compound (Ginseng, Ginger, Milk Peptides)",No,Yes,695,4.3,In Stock,https://www.lotusherbals.com/products/youthrx-anti-ageing-transforming-creme-spf-25,https://www.lotusherbals.com/cdn/shop/products/YouthRxCreme_1.jpg,https://www.lotusherbals.com/cdn/shop/products/YouthRxCreme_2-back.jpg,,,
IN-SKIN-0201,Lotus Herbals Teatreewash Anti-Acne Oil Control Face Wash,Lotus Herbals,Face Wash / Cleanser,"Oily, Acne-Prone",Active Acne Flare-ups & Oiliness,"Bacterial Breakouts, Clogged Pores",Teens & Adults (13-35),"Tea Tree Oil, Cinnamon, Oak Bark",No,Yes,225,4.3,In Stock,https://www.lotusherbals.com/products/teatreewash-anti-acne-oil-control-face-wash,https://www.lotusherbals.com/cdn/shop/products/TeaTreeWash_1.jpg,https://www.lotusherbals.com/cdn/shop/products/TeaTreeWash_2-back.jpg,,,
IN-SKIN-0202,Vicco Turmeric Skin Care Cream (With Sandalwood Oil),Vicco,Ayurvedic Healing Cream,"All Skin Types, Acne-Prone","Facial Marks, Pimples & Skin Infections","Minor Burns, Red Spots, Blemishes",All Ages (10-70+),"Pure Turmeric Extract (16%), Sandalwood Oil",No,Yes,170,4.7,In Stock,https://viccolabs.com/products/vicco-turmeric-skin-cream-with-sandalwood-oil,https://viccolabs.com/cdn/shop/products/vicco-cream.jpg,https://viccolabs.com/cdn/shop/products/vicco-cream-back.jpg,,,
IN-SKIN-0203,Vicco Turmeric WSO Skin Cream (Without Sandalwood Oil),Vicco,Ayurvedic Healing Cream,"Sensitive, Acne-Prone",Active Pimples & Skin Rashes,"Wound Marks, Inflammation",All Ages (10-70+),Pure Turmeric Extract,Yes,Yes,140,4.6,In Stock,https://viccolabs.com/products/vicco-turmeric-wso-cream,https://viccolabs.com/cdn/shop/products/vicco-wso.jpg,https://viccolabs.com/cdn/shop/products/vicco-wso-back.jpg,,,
IN-SKIN-0204,Vicco Turmeric Face Wash with Foam Base,Vicco,Face Wash / Cleanser,All Skin Types,"Daily Dirt, Pimples & Dullness","Bacteria Build-up, Blemishes",All Ages (12-50),Turmeric Extract,No,Yes,125,4.4,In Stock,https://viccolabs.com/products/vicco-turmeric-face-wash,https://viccolabs.com/cdn/shop/products/vicco-facewash.jpg,https://viccolabs.com/cdn/shop/products/vicco-facewash-back.jpg,,,
IN-SKIN-0205,WOW Skin Science Apple Cider Vinegar Foaming Face Wash,WOW Skin Science,Foaming Face Wash,"Oily, Combination, Acne-Prone","Acne, Oily T-Zone & Clogged Pores","Blackheads, Dead Skin Cells",Teens & Adults (14-35),"Organic Apple Cider Vinegar, Aloe Vera, Vitamin E",Yes,Yes,349,4.4,In Stock,https://www.buywow.in/products/apple-cider-vinegar-foaming-face-wash,https://www.buywow.in/cdn/shop/products/ACVFaceWash_1.jpg,https://www.buywow.in/cdn/shop/products/ACVFaceWash_2-back.jpg,,,
IN-SKIN-0206,WOW Skin Science 20% Vitamin C Face Serum,WOW Skin Science,Face Serum,"All Skin Types, Dull Skin",Facial Marks & Lack of Radiance,"Sun Damage, Uneven Skin Tone",Adults (18-45),"20% Vitamin C, Ferulic Acid, Witch Hazel, Hyaluronic",Yes,Yes,599,4.3,In Stock,https://www.buywow.in/products/vitamin-c-face-serum,https://www.buywow.in/cdn/shop/products/WOWVitC_1.jpg,https://www.buywow.in/cdn/shop/products/WOWVitC_2-back.jpg,,,
IN-SKIN-0207,WOW Skin Science Brightening Vitamin C Foaming Face Wash,WOW Skin Science,Foaming Face Wash,"All Skin Types, Dull Skin","Dull Skin, Tan & Dirt Residue","Tired Complexion, Pigment",Teens & Adults (15-45),"Vitamin C, Lemon & Orange Essential Oils",No,Yes,349,4.4,In Stock,https://www.buywow.in/products/vitamin-c-foaming-face-wash,https://www.buywow.in/cdn/shop/products/VitCFoam_1.jpg,https://www.buywow.in/cdn/shop/products/VitCFoam_2-back.jpg,,,
IN-SKIN-0208,WOW Skin Science Aloe Vera Multi-Purpose Gel (99% Pure),WOW Skin Science,Hydrating Gel,"All Skin Types, Sensitive","Sunburn, Skin Itching & Dehydration","Post-Waxing Redness, Flakiness",All Ages (10-65+),"99% Pure Aloe Vera Juice, Citric Acid",Yes,Yes,299,4.6,In Stock,https://www.buywow.in/products/aloe-vera-gel-99-pure,https://www.buywow.in/cdn/shop/products/AloeGel99_1.jpg,https://www.buywow.in/cdn/shop/products/AloeGel99_2-back.jpg,,,
IN-SKIN-0209,WOW Skin Science Retinol Face Serum,WOW Skin Science,Face Serum,"Mature, Aging Skin","Fine Lines, Crow's Feet & Texture","Loss of Elasticity, Early Wrinkles",Adults (25-60+),"Retinol, Witch Hazel, Jojoba Oil",Yes,Yes,599,4.2,In Stock,https://www.buywow.in/products/retinol-face-serum,https://www.buywow.in/cdn/shop/products/RetinolSerum_1.jpg,https://www.buywow.in/cdn/shop/products/RetinolSerum_2-back.jpg,,,
IN-SKIN-0210,VLCC Specifix Professional Skin Brightening De-Tan Pack,VLCC,De-Tan Face Pack,All Skin Types,Stubborn Sun Tan & UV Darkening,"Pollution Mask, Uneven Skin",Teens & Adults (15-50),"Kojic Acid, Milk Protein, Eucalyptus Oil",No,Yes,250,4.3,In Stock,https://www.vlccpersonalcare.com/products/specifix-de-tan-pack,https://www.vlccpersonalcare.com/cdn/shop/products/VLCCDeTan_1.jpg,https://www.vlccpersonalcare.com/cdn/shop/products/VLCCDeTan_2-back.jpg,,,
IN-SKIN-0211,VLCC Natural Sciences Sandal Cleansing Milk,VLCC,Cleansing Milk,Normal to Dry,Dry Surface Dirt & Makeup,Tight Post-Wash Skin,All Ages (15-60),"Sandalwood, Almond Oil, Indian Berberry",No,Yes,160,4.4,In Stock,https://www.vlccpersonalcare.com/products/sandal-cleansing-milk,https://www.vlccpersonalcare.com/cdn/shop/products/SandalCleanser_1.jpg,https://www.vlccpersonalcare.com/cdn/shop/products/SandalCleanser_2-back.jpg,,,
IN-SKIN-0212,Neutrogena Hydro Boost Water Gel with Hyaluronic Acid,Neutrogena India,Gel Moisturizer,"Oily, Combination, Dehydrated",Severe Skin Dehydration without Oiliness,"Fine Dehydration Lines, Dullness",All Ages (15-55),"Hyaluronic Acid, Trehalose, Amino Acids",No,Yes,950,4.8,In Stock,https://www.neutrogena.in/face/moisturizers/hydro-boost-water-gel,https://www.neutrogena.in/assets/images/hydro-boost-gel.jpg,https://www.neutrogena.in/assets/images/hydro-boost-gel-back.jpg,,,
IN-SKIN-0213,Neutrogena Ultra Sheer Dry-Touch Sunscreen SPF 50+ PA++++,Neutrogena India,Sunscreen,"Normal, Combination, Oily","High UV Radiation, Tan & Sun Burn","Photo-aging, Sun Spots",All Ages (12-65),"Helioplex Technology, Oxybenzone, Avobenzone",No,Yes,675,4.7,In Stock,https://www.neutrogena.in/sun-protection/ultra-sheer-dry-touch-sunblock-spf-50,https://www.neutrogena.in/assets/images/ultra-sheer.jpg,https://www.neutrogena.in/assets/images/ultra-sheer-back.jpg,,,
IN-SKIN-0214,Neutrogena Deep Clean Facial Cleanser,Neutrogena India,Face Wash / Cleanser,"Oily, Normal",Deep Clogged Dirt & Blackheads,"Sebum Buildup, Dead Skin Flakes",Teens & Adults (14-45),"Salicylic Acid, Glycerin",No,Yes,440,4.6,In Stock,https://www.neutrogena.in/face/cleansers/deep-clean-facial-cleanser,https://www.neutrogena.in/assets/images/deep-clean.jpg,https://www.neutrogena.in/assets/images/deep-clean-back.jpg,,,
IN-SKIN-0215,Neutrogena Oil-Free Acne Wash Pink Grapefruit Facial Cleanser,Neutrogena India,Acne Face Wash,"Oily, Acne-Prone",Persistent Acne Breakouts & Blemishes,"Enlarged Pores, Redness","Teens (13-19), Adults (20-30)","2% Salicylic Acid, MicroClear Technology, Grapefruit Extract",No,Yes,750,4.5,In Stock,https://www.neutrogena.in/face/cleansers/oil-free-acne-wash-pink-grapefruit,https://www.neutrogena.in/assets/images/pink-grapefruit.jpg,https://www.neutrogena.in/assets/images/pink-grapefruit-back.jpg,,,
